/* ----------------------------------------------------------------------- 
VILLE
----------------------------------------------------------------------- */
INSERT INTO Ville (nom)
VALUES  ('Lausanne'), ('Lutry'), ('Renens'), ('Pully'), ('Vevey'), 
        ('Morges'), ('Yverdon-les-Bains'), ('Nyon'), ('Rolle'), ('Montreux'), 
        ('Orbe'), ('Neuchâtel'), ('Ecublens'), ('Le Landeron'), ('Boudry'), 
        ('Auvernier'), ('Colombier'), ('Bevaix'), ('St-Blaise'), 
        ('Chez-le-Bart'), ('Valangin'), ('Val-de-Ruz'), ('Val-de-Travers'), 
        ('Vaumarcus'), ('Corcelles-Cormondrèche'), ('Cernier'), ('Enges'), 
        ('Peseux'), ('Corcelles-près-Peseux'), ('Cormondrèche'), 
        ('Brot-Plamboz'), ('Chaumont'), ('Chez-le-Bart'), ('St-Blaise'), 
        ('La Chaux-de-Fonds'), ('Daillens');

/* ----------------------------------------------------------------------- 
QUARTIER
----------------------------------------------------------------------- */
INSERT INTO Quartier (nom, idVille)
VALUES    ('Champ de Mars', 1),
          ('la Tournelle', 11),
          ('Marcelin', 6),
          ('Mouline', 1),
          ('Sous-Gare', 1),
          ('Riponne', 1),
          ('Flon', 1),
          ('Les Coteaux', 2),
          ('Le Marché', 3),
          ('Croisettes', 1),
          ('Serrière', 12),
          ('Beaulieu', 1),
          ('Beaulieu', 12),
          ('Bregille', 12),
          ('Champ-de-Mars', 12),
          ('Dampierre', 12),
          ('Eplatures', 12),
          ('Garenne', 12),
          ('Grands-Prés', 12),
          ('Guinchy', 12),
          ('La Coudre', 12),
          ('La Vue-des-Alpes', 12),
          ('Lignières', 12),
          ('Maladière', 1),
          ('Maladière', 12),
          ('Montagne-de-Buttes', 12),
          ('Place-Pury', 12),
          ('Poudrière', 12),
          ('Pré-Fleuri', 12),
          ('Roches', 12),
          ('Serrières', 12),
          ('Thielle', 12),
          ('Valangin', 12),
          ('Vaumarcus', 12),
          ('Vignettaz', 12),
          ('Le Puisoir', 11),
          ('Vue-des-Alpes', 12),
          ('Villette', 7),
          ('Pierre de Savoie', 7),
          ('Florissant', 3),
          ('Sous-Bois', 7),
          ('Sainte-Claire', 5);
 /* ----------------------------------------------------------------------- 
LIEU
----------------------------------------------------------------------- */       
INSERT INTO Lieu (nom, niveauDeSûreté, nomQuartier, idVille)
VALUES    ('Buisson sous le Palais', 'dangereux', 'Riponne', 1),
          ('Maison des jeunes', 'dangereux', 'Le Puisoir', 11),
          ('première Arche', 'normal', 'Flon', 1),
          ('Migros Closelet', 'très sûr', 'Sous-Gare', 1),
          ('Bordu', 'très sûr', 'Les Coteaux', 2),
          ('Les Rues Basses', 'dangereux', 'Le Marché', 3),
          ('métro', 'critique', 'Croisettes', 1),
          ('derrière l''école', 'dangereux', 'Beaulieu', 1),
          ('gare', 'paisible', 'Bregille', 12),
          ('pharmacie', 'normal', 'Champ-de-Mars', 12),
          ('parc', 'très sûr', 'Dampierre', 12),
          ('derrière la bibliothèque', 'critique', 'Eplatures', 12),
          ('café', 'paisible', 'Garenne', 12),
          ('place du marché', 'normal', 'Grands-Prés', 12),
          ('parcours de santé', 'très sûr', 'Guinchy', 12),
          ('centre commercial', 'dangereux', 'La Coudre', 12),
          ('piscine', 'paisible', 'La Vue-des-Alpes', 12),
          ('derrière la gare', 'normal', 'Beaulieu', 12),
          ('marché couvert', 'très sûr', 'Bregille', 12),
          ('cimetière', 'critique', 'Champ-de-Mars', 12),
          ('parc des expositions', 'dangereux', 'Dampierre', 12),
          ('derrière la mairie', 'paisible', 'Eplatures', 12),
          ('square', 'normal', 'Garenne', 12),
          ('derrière la gare routière', 'très sûr', 'Grands-Prés', 12),
          ('parc animalier', 'critique', 'Guinchy', 12),
          ('derrière le stade', 'dangereux', 'La Coudre', 12),
          ('en face de l''école', 'dangereux', 'Beaulieu', 1),
          ('sous l''arbre', 'paisible', 'Bregille', 12),
          ('à côté du parc', 'normal', 'Champ-de-Mars', 12),
          ('au bord du lac', 'très sûr', 'Dampierre', 12),
          ('au parcours de santé', 'critique', 'Eplatures', 12),
          ('au parcours de skate', 'dangereux', 'Garenne', 12),
          ('au stade', 'paisible', 'Grands-Prés', 12),
          ('à côté de la piscine', 'normal', 'Guinchy', 12),
          ('au bord de la rivière', 'très sûr', 'La Coudre', 12),
          ('au parc des expositions', 'critique', 'La Vue-des-Alpes', 12),
          ('à côté du cinéma', 'dangereux', 'Beaulieu', 12),
          ('au parc à thème', 'paisible', 'Bregille', 12),
          ('à côté de la mairie', 'normal', 'Champ-de-Mars', 12),
          ('au marché', 'très sûr', 'Dampierre', 12),
          ('au parc d''attractions', 'critique', 'Eplatures', 12),
          ('à côté de l''hôtel de ville', 'dangereux', 'Garenne', 12),
          ('au parcours de randonnée', 'paisible', 'Grands-Prés', 12),
          ('au parc zoologique', 'normal', 'Guinchy', 12),
          ('au parcours de golf', 'très sûr', 'La Coudre', 12),
          ('au parcours de moto', 'critique', 'La Vue-des-Alpes', 12),
          ('Gare CFF', 'normal', 'Sous-Gare', 1),
          ('Parc de Mon Repos', 'paisible', 'Croisettes', 1),
          ('Place Pury', 'dangereux', 'Place-Pury', 12),
          ('Ecole primaire de Beaulieu', 'très sûr', 'Beaulieu', 1),
          ('Bibliothèque municipale', 'très sûr', 'Marcelin', 6);
        

/* -----------------------------------------------------------------------
PERSONNE
----------------------------------------------------------------------- */
INSERT INTO Personne (pseudonyme)
VALUES  ('Malo'), ('Elliot'), ('Victor'), ('John Doe'), 
        ('Adalineadalla0'), ('Nannynbambury1'), ('Louellalrenols2'), ('Pansiepalastair3'), 
        ('Samarasdeller4'), ('Jyotijdiviny5'), ('Verinavjerschke6'), ('Ophelieoastbury7'), 
        ('Diannedhastin8'), ('Fernfcamblin9'), ('Blairbgreengrassa'), ('Augustineaspargob'), 
        ('Miguelamdahlgrenc'), ('Pegeenptansleyd'), ('Alidaaspadonie'), ('Annaleeakarpenyaf'), 
        ('Lavinialswayslandg'), ('Wendiwdeacockh'), ('Gabrielliagcumeskyi'), ('Maliamcashmorej'), 
        ('Abbeareamk'), ('Marylinmdissl'), ('Ellenewickeym'), ('Jeanninejdowyern'), 
        ('Margimblockleyo'), ('Amalitaaheggesp'), ('Shoshanasmulvihillq'), ('Berryballflattr'), 
        ('Larainelmurts'), ('Mayemmccoryt'), ('Rhearhucksu'), ('Jerrileejwrattenv'), 
        ('Robbirchidloww'), ('Danieledempletonx'), ('Shaylynsstrangy'), ('Clemencecgrittenz'), 
        ('Chloettecmaddison10'), ('Vinnievcoraini11'), ('Kaykwaine12'), ('Pansieplongmore13'), 
        ('Joyanjstuther14'), ('Appoloniaablainey15'), ('Friedafpescott16'), ('Diane-mariedlatan17'), 
        ('Rochellerlead18'), ('Lynnldecayette19'), ('Shelliesleaning1a'), ('Cinnamonccamilletti1b'), 
        ('Linnetlherries1c'), ('r_squared'), ('Olympiaobolam1e'), ('Libbylloveitt1f'), 
        ('Laureenlpitblado1g'), ('Miquelamdellit1h'), ('Anyaachugg1i'), ('Astraacavanaugh1j'), 
        ('Gayelggoldney1k'), ('Liannelredholls1l'), ('Editaepetrolli1m'), ('Mildridmmenchenton1n'), 
        ('Arlynachedzoy1o'), ('Sibelsupham1p'), ('Amandieabilney1q'), ('Katakminelli1r'), 
        ('Brandebfritz1s'), ('Sapphirasdudenie1t'), ('Sarassmidmoor1u'), ('Daynadmattson1v'), 
        ('Marielemtribell1w'), ('Deidreddenzey1x'), ('Chrissiecworrell1y'), ('Olenkaodeards1z'), 
        ('Oneidaokeeting20'), ('Karinekpester21'), ('Glenngpibsworth22'), ('Bryanabgiovanni23'), 
        ('Delcinedhulatt24'), ('Essyejutson25'), ('Emmyegeraudel26'), ('Rivaleerhoggin27'), 
        ('Arletteacodrington28'), ('Bernardinabkennady29'), ('Beckybpykerman2a'), ('Ashleyaboyde2b'), 
        ('Nettleniwanowicz2c'), ('Lanaelmorin2d'), ('Domingadhansana2e'), ('Mariskambowry2f'), 
        ('Steffisspringtorpe2g'), ('Deedioannidis2h'), ('Nikkinwiltsher2i'), ('Ezmeraldaejagielski2j'), 
        ('Sayresputtnam2k'), ('Vivyannevpheasant2l'), ('Silviasilymanov2m'), ('Larissalhoggan2n'), 
        ('Janettajbletsoe2o'), ('Philippinepmcilhagga2p'), ('Linnielcaff2q'), ('Linnetlhanratty2r'), 
        ('Rosemariarodney2s'), ('Lindlmerrilees2t'), ('Barbettebbeswick2u'), ('Rosamondrendricci2v'), 
        ('Caracstreetley2w'), ('Arielanetherclift2x'), ('Lonnielewers2y'), ('Melinamstitwell2z'), 
        ('Annetteahunnable30'), ('Pierpwyd31'), ('Nonnandomange32'), ('Missymberetta33'), 
        ('Shirleesfullun34'), ('Martimgiovanizio35'), ('Shirleysasple36'), ('Loritalrykert37'), 
        ('Mariannemchittock38'), ('Jessiejworsom39'), ('Hadriahderham3a'), ('Karryklamborn3b'), 
        ('Sadiespaulson3c'), ('Fredifkeenor3d'), ('Dedradnovotna3e'), ('Maybellemmacgillivrie3f'), 
        ('Chelsaecmoraleda3g'), ('Blythebsimonato3h'), ('Christeancpitkaithly3i'), ('Helainehsheasby3j'), 
        ('Jodyjvautrey3k'), ('Genevagmarklow3l'), ('Cristacchalfain3m'), ('Alaineaburford3n'), 
        ('Cyndecguinn3o'), ('Goldiegcantu3p'), ('Elyseeelynas3q'), ('Christichuniwall3r'), 
        ('Martiembury3s'), ('Laurettelledson3t'), ('Rachelercracknall3u'), ('Alysaemtage3v'), 
        ('Calleycmaddams3w'), ('Sarisshuker3x'), ('Rhodiarasee3y'), ('Rosellarabbatucci3z'), 
        ('Mauremhardstaff40'), ('Rochellarcollison41');

/* -----------------------------------------------------------------------
PERSONNEPHYSIQUE
----------------------------------------------------------------------- */
INSERT INTO PersonnePhysique (idPersonne, niveauFiabilite)
VALUES  (1, 'moyen'), (2, 'fort'), (3, 'fort'), (4, 'fort'), 
        (5, 'moyen'), (6, 'fort'), (7, 'faible'), (8, 'moyen'), 
        (9, 'fort'), (10, 'moyen'), (11, 'moyen'), (12, 'moyen'), 
        (13, 'faible'), (14, 'moyen'), (15, 'fort'), (16, 'fort'), 
        (17, 'faible'), (18, 'faible'), (19, 'moyen'), (20, 'faible'), 
        (21, 'fort'), (22, 'faible'), (23, 'moyen'), (24, 'moyen'), 
        (25, 'faible'), (26, 'fort'), (27, 'faible'), (28, 'fort'), 
        (29, 'fort'), (30, 'faible'), (31, 'moyen'), (32, 'fort'), 
        (33, 'faible'), (34, 'moyen'), (35, 'faible'), (36, 'moyen'), 
        (37, 'fort'), (38, 'moyen'), (39, 'fort'), (40, 'fort'), 
        (41, 'faible'), (42, 'faible'), (43, 'faible'), (44, 'fort'), 
        (45, 'fort'), (46, 'faible'), (47, 'faible'), (48, 'moyen'), 
        (49, 'faible'), (50, 'fort'), (51, 'moyen'), (52, 'fort'), 
        (53, 'faible'), (54, 'faible'), (55, 'faible'), (56, 'moyen'), 
        (57, 'fort'), (58, 'moyen'), (59, 'moyen'), (60, 'moyen'), 
        (61, 'faible'), (62, 'moyen'), (63, 'fort'), (64, 'moyen'), 
        (65, 'fort'), (66, 'moyen'), (67, 'fort'), (68, 'faible'), 
        (69, 'moyen'), (70, 'fort'), (71, 'moyen'), (72, 'fort'), 
        (73, 'fort'), (74, 'moyen'), (75, 'fort'), (76, 'moyen'), 
        (77, 'fort'), (78, 'moyen'), (79, 'fort'), (80, 'moyen'), 
        (81, 'fort'), (82, 'moyen'), (83, 'faible'), (84, 'faible'), 
        (85, 'fort'), (86, 'moyen'), (87, 'faible'), (88, 'faible'), 
        (89, 'faible'), (90, 'fort'), (91, 'moyen'), (92, 'moyen'), 
        (93, 'moyen'), (94, 'fort'), (95, 'fort'), (96, 'moyen'), 
        (97, 'faible'), (98, 'moyen'), (99, 'moyen'), (100, 'faible'), 
        (101, 'fort'), (102, 'moyen'), (103, 'faible'), (104, 'moyen'), 
        (105, 'moyen'), (106, 'moyen'), (107, 'fort'), (108, 'faible'), 
        (109, 'fort'), (110, 'fort'), (111, 'moyen'), (112, 'fort'), 
        (113, 'faible'), (114, 'faible'), (115, 'fort'), (116, 'moyen'), 
        (117, 'faible'), (118, 'fort'), (119, 'faible'), (120, 'moyen'), 
        (121, 'fort'), (122, 'moyen'), (123, 'faible'), (124, 'faible'), 
        (125, 'moyen'), (126, 'faible'), (127, 'fort'), (128, 'faible'), 
        (129, 'moyen'), (130, 'moyen'), (131, 'moyen'), (132, 'faible'), 
        (133, 'faible'), (134, 'moyen'), (135, 'fort');

/* -----------------------------------------------------------------------
HISTORIQUENIVEAUFIABILITE
----------------------------------------------------------------------- */
INSERT INTO HistoriqueNiveauFiabilite (idPersonnePhysique, dateDebut, niveauFiabilité)
VALUES  (1, '2022-11-01 00:00:00', 'moyen'), (2, '2022-11-01 00:00:00', 'fort'), (3, '2022-11-01 00:00:00', 'fort'), 
        (4, '2022-11-01 00:00:00', 'fort'), (5, '2022-11-01 00:00:00', 'moyen'), (6, '2022-11-01 00:00:00', 'fort'), 
        (7, '2022-11-01 00:00:00', 'faible'), (8, '2022-11-01 00:00:00', 'moyen'), (9, '2022-11-01 00:00:00', 'fort'), 
        (10, '2022-11-01 00:00:00', 'moyen'), (11, '2022-11-01 00:00:00', 'moyen'), (12, '2022-11-01 00:00:00', 'moyen'), 
        (13, '2022-11-01 00:00:00', 'faible'), (14, '2022-11-01 00:00:00', 'moyen'), (15, '2022-11-01 00:00:00', 'fort'), 
        (16, '2022-11-01 00:00:00', 'fort'), (17, '2022-11-01 00:00:00', 'faible'), (18, '2022-11-01 00:00:00', 'faible'), 
        (19, '2022-11-01 00:00:00', 'moyen'), (20, '2022-11-01 00:00:00', 'faible'), (21, '2022-11-01 00:00:00', 'fort'), 
        (22, '2022-11-01 00:00:00', 'faible'), (23, '2022-11-01 00:00:00', 'moyen'), (24, '2022-11-01 00:00:00', 'moyen'), 
        (25, '2022-11-01 00:00:00', 'faible'), (26, '2022-11-01 00:00:00', 'fort'), (27, '2022-11-01 00:00:00', 'faible'), 
        (28, '2022-11-01 00:00:00', 'fort'), (29, '2022-11-01 00:00:00', 'fort'), (30, '2022-11-01 00:00:00', 'faible'), 
        (31, '2022-11-01 00:00:00', 'moyen'), (32, '2022-11-01 00:00:00', 'fort'), (33, '2022-11-01 00:00:00', 'faible'), 
        (34, '2022-11-01 00:00:00', 'moyen'), (35, '2022-11-01 00:00:00', 'faible'), (36, '2022-11-01 00:00:00', 'moyen'), 
        (37, '2022-11-01 00:00:00', 'fort'), (38, '2022-11-01 00:00:00', 'moyen'), (39, '2022-11-01 00:00:00', 'fort'), 
        (40, '2022-11-01 00:00:00', 'fort'), (41, '2022-11-01 00:00:00', 'faible'), (42, '2022-11-01 00:00:00', 'faible'), 
        (43, '2022-11-01 00:00:00', 'faible'), (44, '2022-11-01 00:00:00', 'fort'), (45, '2022-11-01 00:00:00', 'fort'), 
        (46, '2022-11-01 00:00:00', 'faible'), (47, '2022-11-01 00:00:00', 'faible'), (48, '2022-11-01 00:00:00', 'moyen'), 
        (49, '2022-11-01 00:00:00', 'faible'), (50, '2022-11-01 00:00:00', 'fort'), (51, '2022-11-01 00:00:00', 'moyen'), 
        (52, '2022-11-01 00:00:00', 'fort'), (53, '2022-11-01 00:00:00', 'faible'), (54, '2022-11-01 00:00:00', 'faible'), 
        (55, '2022-11-01 00:00:00', 'faible'), (56, '2022-11-01 00:00:00', 'moyen'), (57, '2022-11-01 00:00:00', 'fort'), 
        (58, '2022-11-01 00:00:00', 'moyen'), (59, '2022-11-01 00:00:00', 'moyen'), (60, '2022-11-01 00:00:00', 'moyen'), 
        (61, '2022-11-01 00:00:00', 'faible'), (62, '2022-11-01 00:00:00', 'moyen'), (63, '2022-11-01 00:00:00', 'fort'), 
        (64, '2022-11-01 00:00:00', 'moyen'), (65, '2022-11-01 00:00:00', 'fort'), (66, '2022-11-01 00:00:00', 'moyen'), 
        (67, '2022-11-01 00:00:00', 'fort'), (68, '2022-11-01 00:00:00', 'faible'), (69, '2022-11-01 00:00:00', 'moyen'), 
        (70, '2022-11-01 00:00:00', 'fort'), (71, '2022-11-01 00:00:00', 'moyen'), (72, '2022-11-01 00:00:00', 'fort'), 
        (73, '2022-11-01 00:00:00', 'fort'), (74, '2022-11-01 00:00:00', 'moyen'), (75, '2022-11-01 00:00:00', 'fort'), 
        (76, '2022-11-01 00:00:00', 'moyen'), (77, '2022-11-01 00:00:00', 'fort'), (78, '2022-11-01 00:00:00', 'moyen'), 
        (79, '2022-11-01 00:00:00', 'fort'), (80, '2022-11-01 00:00:00', 'moyen'), (81, '2022-11-01 00:00:00', 'fort'), 
        (82, '2022-11-01 00:00:00', 'moyen'), (83, '2022-11-01 00:00:00', 'faible'), (84, '2022-11-01 00:00:00', 'faible'), 
        (85, '2022-11-01 00:00:00', 'fort'), (86, '2022-11-01 00:00:00', 'moyen'), (87, '2022-11-01 00:00:00', 'faible'), 
        (88, '2022-11-01 00:00:00', 'faible'), (89, '2022-11-01 00:00:00', 'faible'), (90, '2022-11-01 00:00:00', 'fort'), 
        (91, '2022-11-01 00:00:00', 'moyen'), (92, '2022-11-01 00:00:00', 'moyen'), (93, '2022-11-01 00:00:00', 'moyen'), 
        (94, '2022-11-01 00:00:00', 'fort'), (95, '2022-11-01 00:00:00', 'fort'), (96, '2022-11-01 00:00:00', 'moyen'), 
        (97, '2022-11-01 00:00:00', 'faible'), (98, '2022-11-01 00:00:00', 'moyen'), (99, '2022-11-01 00:00:00', 'moyen'), 
        (100, '2022-11-01 00:00:00', 'faible'), (101, '2022-11-01 00:00:00', 'fort'), (102, '2022-11-01 00:00:00', 'moyen'), 
        (103, '2022-11-01 00:00:00', 'faible'), (104, '2022-11-01 00:00:00', 'moyen'), (105, '2022-11-01 00:00:00', 'moyen'), 
        (106, '2022-11-01 00:00:00', 'moyen'), (107, '2022-11-01 00:00:00', 'fort'), (108, '2022-11-01 00:00:00', 'faible'), 
        (109, '2022-11-01 00:00:00', 'fort'), (110, '2022-11-01 00:00:00', 'fort'), (111, '2022-11-01 00:00:00', 'moyen'), 
        (112, '2022-11-01 00:00:00', 'fort'), (113, '2022-11-01 00:00:00', 'faible'), (114, '2022-11-01 00:00:00', 'faible'), 
        (115, '2022-11-01 00:00:00', 'fort'), (116, '2022-11-01 00:00:00', 'moyen'), (117, '2022-11-01 00:00:00', 'faible'), 
        (118, '2022-11-01 00:00:00', 'fort'), (119, '2022-11-01 00:00:00', 'faible'), (120, '2022-11-01 00:00:00', 'moyen'), 
        (121, '2022-11-01 00:00:00', 'fort'), (122, '2022-11-01 00:00:00', 'moyen'), (123, '2022-11-01 00:00:00', 'faible'), 
        (124, '2022-11-01 00:00:00', 'faible'), (125, '2022-11-01 00:00:00', 'moyen'), (126, '2022-11-01 00:00:00', 'faible'), 
        (127, '2022-11-01 00:00:00', 'fort'), (128, '2022-11-01 00:00:00', 'faible'), (129, '2022-11-01 00:00:00', 'moyen'), 
        (130, '2022-11-01 00:00:00', 'moyen'), (131, '2022-11-01 00:00:00', 'moyen'), (132, '2022-11-01 00:00:00', 'faible'), 
        (133, '2022-11-01 00:00:00', 'faible'), (134, '2022-11-01 00:00:00', 'moyen'), (135, '2022-11-01 00:00:00', 'fort');

/* ----------------------------------------------------------------------- 
VENDEUR
----------------------------------------------------------------------- */
INSERT INTO Vendeur (idPersonnePhysique, statut, nomQuartier, idVille)
VALUES (1, 'en vie', 'Le Puisoir', 11),
       (2, 'en vie', 'Bregille', 12),
       (3, 'en vie', 'la Tournelle', 11),
       (4, 'rangé', 'Marcelin', 6),
       (5, 'en vie', 'Eplatures', 12),
       (6, 'au trou', 'Garenne', 12),
       (7, 'mort', 'Grands-Prés', 12),
       (8, 'rangé', 'Eplatures', 12),
       (9, 'en vie', 'La Coudre', 12),
       (10, 'en vie', 'La Coudre', 12),
       (11, 'en vie', 'Villette', 7),
       (12, 'en vie', 'Pierre de Savoie', 7),
       (13, 'en vie', 'Florissant', 3),
       (14, 'en vie', 'Sous-Bois', 7),
       (15, 'en vie', 'Sainte-Claire', 5);
/* ----------------------------------------------------------------------- 
CLIENT
----------------------------------------------------------------------- */
INSERT INTO Client (idPersonnePhysique)
VALUES  (16),(17),(18),(19),(20),(21),
        (22),(23),(24),(25),(26),(27),(28),(29),(30),(31),(32),(33),(34),(35),(36),(37),(38),(39),(40),
        (41),(42),(43),(44),(45),(46),(47),(48),(49),(50),(51),(52),(53),(54),(55),(56),(57),(58),(59),
        (60),(61),(62),(63),(64),(65),(66),(67),(68),(69),(70),(71),(72),(73),(74),(75),(76),(77),(78),
        (79),(80),(81),(82),(83),(84),(85),(86),(87),(88),(89),(90), (91), (92), (93), (94), (95), (96),
        (97), (98), (99), (100), (101), (102), (103), (104), (105), (106), (107), (108), (109), (110), 
        (111), (112), (113), (114), (115), (116), (117), (118), (119), (120), (121), (122), (123), (124), 
        (125), (126), (127), (128), (129), (130), (131), (132), (133), (134), (135);
/* ----------------------------------------------------------------------- 
FOURNISSEUR
----------------------------------------------------------------------- */
INSERT INTO Fournisseur (idPersonne)
VALUES  (136), (137), (138), (139), (140), (141), (142), (143), (144), (145), (146), 
        (147), (148), (149), (150);

/* ----------------------------------------------------------------------- 
PRODUIT
----------------------------------------------------------------------- */
INSERT INTO Produit  (nom, prixunitaire)
VALUES ('Snow white gr', 150),
       ('Silver Haze gr', 10),
       ('Ivory gr', 19),
       ('Xeu pill', 13),
       ('Bald Fat Boy gr', 18),
       ('Bordu gr', 17),
       ('Oh That''s funny... gr', 20),
       ('Slow Mo gr', 16),
       ('Sputnik V dosis', 200);

/* -----------------------------------------------------------------------
STOCK
----------------------------------------------------------------------- */
INSERT INTO Stock (idProduit, idFournisseur, quantité, qualité, dateArrivée) 
VALUES  (2, 149, 3000, 'bon', '2020-09-07 12:08:05'),
        (5, 136, 2011, 'très bon', '2020-09-11 14:22:46'),
        (9, 136, 3000, 'mauvais', '2020-12-13 07:28:15'),
        (3, 141, 3000, 'très mauvais', '2020-01-10 11:26:44'),
        (1, 136, 3000, 'bon', '2020-09-08 10:08:24'),
        (8, 145, 3000, 'très bon', '2020-02-14 15:32:45'),
        (7, 144, 2000, 'mauvais', '2020-09-09 22:22:15'),
        (4, 141, 3000, 'très mauvais', '2020-12-06 03:54:14'),
        (6, 139, 3000, 'bon', '2020-12-03 05:07:46'),
        (2, 141, 3000, 'très bon', '2020-12-09 00:31:15'),
        (5, 139, 2000, 'mauvais', '2020-09-04 22:54:32'),
        (9, 149, 2000, 'très mauvais', '2020-02-15 14:01:08'),
        (3, 146, 2000, 'bon', '2020-09-11 06:46:24'),
        (1, 148, 2000, 'très bon', '2020-01-12 01:38:11'),
        (8, 144, 3000, 'mauvais', '2020-10-08 14:59:33'),
        (7, 150, 3000, 'très mauvais', '2020-10-22 17:59:25'),
        (4, 138, 6200, 'bon', '2020-02-04 01:43:42'),
        (6, 147, 4000, 'très bon', '2020-12-04 22:57:25'),
        (2, 142, 6200, 'mauvais', '2020-12-28 23:06:45'),
        (5, 143, 4000, 'très mauvais', '2020-02-09 21:19:26'),
        (9, 147, 3000, 'bon', '2020-12-10 03:15:31'),
        (3, 143, 6200, 'très bon', '2020-11-15 22:58:25'),
        (1, 140, 4000, 'mauvais', '2020-10-01 05:58:04'),
        (8, 136, 3000, 'très mauvais', '2020-12-13 16:24:34'),
        (4, 142, 6200, 'bon', '2020-09-11 07:32:05');


/* -----------------------------------------------------------------------
TRANSACTION
----------------------------------------------------------------------- */
INSERT INTO Transaction (idClient, idVendeur, idLieu, date, qualitéDéroulement, remarque, prix, montantPayé, statut) 
VALUES  (25, 2, 5, '2022-11-01 00:17:25', 'bon', 'Client a parlé de recommander notre came à un ami', 0, 700, 'terminée'),
        (65, 1, 46, '2022-11-01 03:27:33', 'très bon', 'Le client a été très satisfait de la rapidité de la livraison', 0, 560, 'terminée'),
        (106, 11, 6, '2022-11-01 03:56:47', 'bon', 'Client a parlé de recommander notre came à un ami', 0, 416, 'terminée'),
        (75, 5, 42, '2022-11-01 16:29:11', 'bon', 'Client souhaite acheter en gros', 0, 1800, 'terminée'),
        (29, 5, 14, '2022-11-02 08:13:22', 'mauvais', 'Il a demandé une réduction...', 0, 407, 'en cours'),
        (32, 2, 47, '2022-11-02 16:33:54', 'bon', 'Le client est très satisfait de sa première expérience', 0, 72, 'terminée'),
        (74, 6, 4, '2022-11-03 09:01:41', 'très mauvais', 'Client menace de ne plus revenir', 0, 66, 'en cours'),
        (77, 1, 2, '2022-11-03 12:00:43', 'bon', 'Client a été satisfait', 0, 187, 'terminée'),
        (77, 10, 31, '2022-11-03 14:14:51', 'bon', 'Client a parlé de recommander notre came à un ami', 0, 170, 'terminée'),
        (135, 2, 10, '2022-11-03 23:03:32', 'mauvais', 'Client réclame sur le prix', 0, 75, 'en cours'),
        (72, 9, 3, '2022-11-04 07:39:34', 'moyen', 'le client dit vouloir décrocher...', 0, 75, 'en cours'),
        (57, 2, 32, '2022-11-04 09:30:54', 'bon', 'Client a été satisfait', 0, 160, 'terminée'),
        (43, 3, 14, '2022-11-04 12:55:03', 'très bon', 'Client a été satisfait', 0, 432, 'terminée'),
        (23, 3, 13, '2022-11-04 22:28:59', 'très bon', 'Le client a été impressionné par le professionnalisme de notre équipe', 0, 1200, 'terminée'),
        (25, 15, 34, '2022-11-05 05:44:02', 'moyen', NULL, 0, 570, 'terminée'),
        (103, 3, 15, '2022-11-05 07:18:23', 'très bon', 'Client a parlé de recommander notre came à un ami', 0, 8000, 'terminée'),
        (132, 3, 42, '2022-11-05 10:24:06', 'très bon', 'Client a parlé de recommander notre came à un ami', 0, 190, 'terminée'),
        (82, 5, 9, '2022-11-05 16:33:51', 'bon', 'Client souhaite acheter en gros', 0, 7200, 'terminée'),
        (121, 12, 13, '2022-11-06 02:39:48', 'très mauvais', 'Client menace de ne plus revenir', 0, 77, 'en cours'),
        (26, 1, 37, '2022-11-06 07:00:57', 'très bon', 'Le client a été impressionné par le professionnalisme de notre équipe', 0, 450, 'terminée'),
        (81, 11, 26, '2022-11-06 12:21:19', 'très mauvais', 'Client a eu des problèmes de paiement', 0, 43, 'en cours'),
        (22, 1, 24, '2022-11-06 12:39:25', 'très mauvais', 'Client menace de ne plus revenir', 0, 83, 'en cours'),
        (94, 14, 50, '2022-11-06 15:34:49', 'moyen', 'le client dit vouloir décrocher...', 0, 144, 'terminée'),
        (34, 10, 6, '2022-11-06 18:36:24', 'très bon', 'Le client est très satisfait de sa première expérience', 0, 680, 'terminée'),
        (17, 10, 39, '2022-11-06 22:02:41', 'bon', 'Client souhaite acheter en gros', 0, 630, 'terminée'),
        (31, 2, 27, '2022-11-07 02:29:17', 'très bon', 'Le client est très satisfait de sa première expérience', 0, 114, 'terminée'),
        (54, 3, 2, '2022-11-07 10:03:45', 'très mauvais', 'Client a fait une réclamation sur la qualité', 0, 0, 'annulée'),
        (78, 1, 50, '2022-11-07 11:35:24', 'bon', 'Le client a été impressionné par le professionnalisme de notre équipe', 0, 663, 'terminée'),
        (18, 12, 45, '2022-11-07 15:17:48', 'bon', 'Le client a été impressionné par le professionnalisme de notre équipe', 0, 36, 'terminée'),
        (69, 2, 23, '2022-11-07 22:49:41', 'très mauvais', 'Client a parlé de nous signaler à la police', 0, 270, 'en cours'),
        (81, 12, 44, '2022-11-08 07:49:53', 'mauvais', 'Client a fait une réclamation', 0, 344, 'en cours'),
        (70, 1, 16, '2022-11-08 09:15:21', 'très bon', 'Le client a été impressionné par le professionnalisme de notre équipe', 0, 780, 'terminée'),
        (37, 10, 6, '2022-11-08 13:07:09', 'mauvais', 'Client réclame sur le prix', 0, 21, 'en cours'),
        (129, 9, 23, '2022-11-08 14:17:40', 'très bon', 'Client souhaite acheter en gros', 0, 114, 'terminée'),
        (93, 9, 50, '2022-11-09 17:15:09', 'bon', 'Le client a été impressionné par le professionnalisme de notre équipe', 0, 320, 'terminée'),
        (115, 3, 34, '2022-11-09 22:52:50', 'moyen', NULL, 0, 160, 'terminée'),
        (54, 1, 46, '2022-11-10 00:24:55', 'très bon', 'Le client est très satisfait de sa première expérience', 0, 480, 'terminée'),
        (59, 11, 1, '2022-11-10 01:45:45', 'moyen', NULL, 0, 304, 'terminée'),
        (104, 15, 1, '2022-11-10 10:55:33', 'très bon', 'Client a été satisfait', 0, 5600, 'terminée'),
        (130, 5, 29, '2022-11-10 22:27:46', 'très bon', 'Le client a été très satisfait de la rapidité de la livraison', 0, 252, 'terminée'),
        (69, 3, 19, '2022-11-11 01:38:31', 'mauvais', 'Client a fait une réclamation sur la qualité', 0, 288, 'en cours'),
        (51, 15, 51, '2022-11-11 05:47:25', 'très mauvais', 'cest la 2ème fois que le client est en retard', 0, 171, 'en cours'),
        (52, 2, 3, '2022-11-11 07:31:36', 'très bon', 'Client a parlé de recommander notre came à un ami', 0, 192, 'terminée'),
        (130, 14, 30, '2022-11-11 09:01:49', 'très bon', 'Client a parlé de recommander notre came à un ami', 0, 180, 'terminée'),
        (90, 1, 27, '2022-11-11 16:50:13', 'mauvais', 'Client a eu des problèmes de paiement', 0, 591, 'en cours'),
        (21, 15, 36, '2022-11-11 20:42:13', 'bon', 'Client souhaite acheter en gros', 0, 1800, 'terminée'),
        (34, 5, 9, '2022-11-12 07:57:56', 'bon', 'Client souhaite acheter en gros', 0, 3900, 'terminée'),
        (34, 2, 46, '2022-11-12 09:20:21', 'très mauvais', 'Client semblait nerveux', 0, 340, 'en cours'),
        (66, 2, 11, '2022-11-12 14:52:05', 'mauvais', 'le client dit vouloir décrocher... je lui donne une dose gratuite', 0, 131, 'en cours'),
        (63, 12, 48, '2022-11-13 00:04:33', 'très bon', 'Le client a été impressionné par le professionnalisme de notre équipe', 0, 182, 'terminée'),
        (73, 3, 10, '2022-11-13 01:59:09', 'bon', 'Client a parlé de recommander notre came à un ami', 0, 4000, 'terminée'),
        (121, 5, 19, '2022-11-13 04:06:06', 'très bon', 'Le client est très satisfait de sa première expérience', 0, 216, 'terminée'),
        (33, 1, 17, '2022-11-13 12:08:12', 'très mauvais', 'Il a posé des questions sur les produits', 0, 101, 'en cours'),
        (122, 10, 33, '2022-11-14 07:00:16', 'très bon', 'Le client est très satisfait de sa première expérience', 0, 5400, 'terminée'),
        (82, 14, 12, '2022-11-14 11:56:42', 'moyen', 'le client dit vouloir décrocher...', 0, 62, 'en cours'),
        (86, 5, 20, '2022-11-15 04:13:28', 'très bon', 'Client souhaite acheter en gros', 0, 144, 'terminée'),
        (19, 14, 23, '2022-11-15 04:21:31', 'bon', 'Le client est très satisfait de sa première expérience', 0, 432, 'terminée'),
        (85, 14, 41, '2022-11-15 07:12:12', 'bon', 'Le client a été impressionné par le professionnalisme de notre équipe', 0, 216, 'terminée'),
        (71, 1, 29, '2022-11-15 09:03:23', 'bon', 'Le client a été impressionné par le professionnalisme de notre équipe', 0, 91, 'terminée'),
        (126, 5, 35, '2022-11-15 12:43:05', 'très bon', 'Client a parlé de recommander notre came à un ami', 0, 437, 'terminée'),
        (57, 10, 45, '2022-11-15 15:26:42', 'bon', 'Le client a été très satisfait de la rapidité de la livraison', 0, 703, 'terminée'),
        (78, 15, 5, '2022-11-16 00:51:36', 'très mauvais', 'Client a fait une réclamation sur la qualité', 0, 3458, 'en cours'),
        (114, 3, 29, '2022-11-16 02:10:07', 'bon', 'Client souhaite acheter en gros', 0, 60, 'terminée'),
        (84, 15, 11, '2022-11-16 07:22:51', 'moyen', NULL, 0, 162, 'terminée'),
        (91, 1, 4, '2022-11-17 01:58:44', 'bon', 'Le client a été impressionné par le professionnalisme de notre équipe', 0, 513, 'terminée'),
        (82, 1, 51, '2022-11-17 05:31:24', 'moyen', 'RAS', 0, 364, 'terminée'),
        (70, 3, 1, '2022-11-17 06:19:59', 'bon', 'Le client a été impressionné par le professionnalisme de notre équipe', 0, 170, 'terminée'),
        (25, 9, 46, '2022-11-17 13:17:29', 'mauvais', 'Client menace de ne plus revenir', 0, 440, 'en cours'),
        (60, 1, 10, '2022-11-17 18:54:57', 'bon', 'Le client est très satisfait de sa première expérience', 0, 252, 'terminée'),
        (37, 13, 49, '2022-11-18 03:15:55', 'mauvais', 'Client a eu des problèmes de paiement', 0, 118, 'en cours'),
        (36, 5, 9, '2022-11-18 08:37:22', 'très bon', 'Le client a été impressionné par le professionnalisme de notre équipe', 0, 96, 'terminée'),
        (70, 2, 12, '2022-11-18 10:49:44', 'moyen', NULL, 0, 324, 'en cours'),
        (75, 9, 38, '2022-11-18 18:04:39', 'très mauvais', 'Client a parlé de nous signaler à la police', 0, 233, 'en cours'),
        (50, 2, 30, '2022-11-18 21:11:50', 'très bon', 'Client a parlé de recommander notre came à un ami', 0, 72, 'terminée'),
        (101, 5, 16, '2022-11-19 00:47:46', 'bon', 'Client souhaite acheter en gros', 0, 30, 'terminée'),
        (96, 9, 14, '2022-11-19 02:07:45', 'bon', 'Le client est très satisfait de sa première expérience', 0, 576, 'terminée'),
        (100, 13, 26, '2022-11-19 04:01:58', 'mauvais', 'le client dit vouloir décrocher... je lui donne une dose gratuite', 0, 155, 'en cours'),
        (94, 3, 27, '2022-11-19 08:09:11', 'très mauvais', 'Client a été insatisfait... je lai envoyé baladé', 0, 5897, 'en cours'),
        (123, 13, 51, '2022-11-19 15:14:20', 'bon', 'Client a été satisfait', 0, 600, 'terminée'),
        (110, 13, 19, '2022-11-19 17:21:22', 'très bon', 'Client a été satisfait', 0, 2400, 'terminée'),
        (121, 1, 34, '2022-11-19 18:51:02', 'très bon', 'Le client a été impressionné par le professionnalisme de notre équipe', 0, 580, 'terminée'),
        (105, 1, 25, '2022-11-20 06:09:54', 'moyen', 'RAS', 0, 198, 'terminée'),
        (77, 3, 47, '2022-11-20 07:11:23', 'très bon', 'Client a été satisfait', 0, 576, 'terminée'),
        (66, 14, 12, '2022-11-20 14:36:14', 'très bon', 'Le client a été très satisfait de la rapidité de la livraison', 0, 1400, 'terminée'),
        (117, 9, 3, '2022-11-20 16:03:21', 'bon', 'Client a parlé de recommander notre came à un ami', 0, 250, 'terminée'),
        (25, 12, 18, '2022-11-20 22:22:01', 'bon', 'Client souhaite acheter en gros', 0, 51, 'terminée'),
        (19, 1, 28, '2022-11-21 20:21:50', 'très bon', 'Client souhaite acheter en gros', 0, 54, 'terminée'),
        (67, 10, 48, '2022-11-22 04:16:53', 'très bon', 'Client a parlé de recommander notre came à un ami', 0, 50, 'terminée'),
        (89, 14, 10, '2022-11-22 04:47:20', 'très bon', 'Client a parlé de recommander notre came à un ami', 0, 221, 'terminée'),
        (50, 3, 5, '2022-11-22 05:39:54', 'moyen', NULL, 0, 6800, 'terminée'),
        (49, 11, 13, '2022-11-22 09:50:10', 'bon', 'Client souhaite acheter en gros', 0, 703, 'terminée'),
        (32, 2, 44, '2022-11-22 13:13:55', 'très bon', 'Client a parlé de recommander notre came à un ami', 0, 481, 'terminée'),
        (104, 10, 43, '2022-11-22 19:06:58', 'bon', 'Le client a été impressionné par le professionnalisme de notre équipe', 0, 6800, 'terminée'),
        (96, 5, 21, '2022-11-22 20:06:27', 'bon', 'Client a parlé de recommander notre came à un ami', 0, 96, 'terminée'),
        (37, 1, 22, '2022-11-23 06:38:56', 'très mauvais', 'Client a eu des problèmes de paiement', 0, 1993, 'en cours'),
        (71, 8, 7, '2022-11-23 10:51:29', 'mauvais', 'Client a fait une réclamation', 0, 76, 'en cours'),
        (54, 9, 21, '2022-11-23 22:08:56', 'très mauvais', 'en retard...', 0, 0, 'annulée'),
        (121, 1, 18, '2022-11-24 00:35:51', 'très bon', 'Le client a été très satisfait de la rapidité de la livraison', 0, 150, 'terminée'),
        (25, 1, 30, '2022-11-24 07:00:01', 'bon', 'Le client a été impressionné par le professionnalisme de notre équipe', 0, 684, 'terminée'),
        (56, 1, 49, '2022-11-24 09:21:55', 'bon', 'Client a parlé de recommander notre came à un ami', 0, 102, 'terminée'),
        (79, 11, 30, '2022-11-24 09:47:46', 'bon', 'Client souhaite acheter en gros', 0, 310, 'terminée'),
        (89, 1, 26, '2022-11-24 10:31:16', 'très mauvais', 'Client réclame sur le prix', 0, 0, 'annulée'),
        (121, 1, 18, '2022-11-24 13:53:39', 'moyen', 'Transaction sest déroulée sans problème', 0, 441, 'en cours'),
        (97, 13, 30, '2022-11-25 00:01:49', 'bon', 'Client a été satisfait', 0, 182, 'terminée'),
        (112, 10, 25, '2022-11-25 03:25:53', 'mauvais', 'le client dit vouloir décrocher... je lui donne une dose gratuite', 0, 89, 'en cours'),
        (19, 9, 19, '2022-11-25 17:39:14', 'mauvais', 'Client menace de ne plus revenir', 0, 147, 'en cours'),
        (31, 10, 49, '2022-11-25 22:10:00', 'moyen', 'le client dit vouloir décrocher...', 0, 320, 'terminée'),
        (20, 3, 9, '2022-11-26 03:57:02', 'très bon', 'Client a été satisfait', 0, 570, 'terminée'),
        (78, 10, 27, '2022-11-26 10:13:05', 'moyen', NULL, 0, 444, 'en cours'),
        (27, 2, 48, '2022-11-26 10:39:25', 'très mauvais', 'Client a parlé de nous signaler à la police', 0, 271, 'en cours'),
        (20, 3, 41, '2022-11-26 12:44:02', 'très bon', 'Client souhaite acheter en gros', 0, 513, 'terminée'),
        (55, 11, 51, '2022-11-26 17:11:49', 'très mauvais', 'Client a fait une réclamation', 0, 80, 'en cours'),
        (91, 13, 9, '2022-11-26 17:58:37', 'bon', 'Le client a été très satisfait de la rapidité de la livraison', 0, 532, 'terminée'),
        (110, 12, 27, '2022-11-26 20:38:12', 'très bon', 'Client a été satisfait', 0, 403, 'terminée'),
        (124, 1, 17, '2022-11-27 00:12:41', 'mauvais', 'Client a parlé de nous signaler à la police', 0, 2751, 'en cours'),
        (60, 1, 38, '2022-11-27 06:19:45', 'bon', 'Le client a été impressionné par le professionnalisme de notre équipe', 0, 340, 'terminée'),
        (85, 12, 38, '2022-11-27 22:57:35', 'moyen', 'le client dit vouloir décrocher...', 0, 1000, 'terminée'),
        (41, 3, 8, '2022-11-28 08:25:47', 'très mauvais', 'Client menace de ne plus revenir', 0, 267, 'en cours'),
        (98, 13, 43, '2022-11-28 11:27:05', 'bon', 'Le client est très satisfait de sa première expérience', 0, 299, 'terminée'),
        (51, 9, 20, '2022-11-28 12:11:35', 'très mauvais', 'Client a été insatisfait... je lai envoyé baladé', 0, 2129, 'en cours'),
        (108, 5, 30, '2022-11-28 17:17:24', 'bon', 'Client a parlé de recommander notre came à un ami', 0, 680, 'terminée'),
        (106, 11, 41, '2022-11-28 19:28:38', 'très mauvais', 'Client a fait une réclamation sur la qualité', 0, 136, 'en cours'),
        (48, 12, 43, '2022-11-28 19:36:01', 'moyen', NULL, 0, 800, 'terminée'),
        (106, 1, 23, '2022-11-28 21:43:17', 'très bon', 'Le client a été impressionné par le professionnalisme de notre équipe', 0, 660, 'terminée'),
        (17, 3, 49, '2022-11-29 07:12:29', 'bon', 'Le client a été impressionné par le professionnalisme de notre équipe', 0, 4000, 'terminée'),
        (133, 14, 38, '2022-11-29 11:24:05', 'bon', 'Client a été satisfait', 0, 320, 'terminée'),
        (84, 5, 10, '2022-11-29 14:50:44', 'moyen', 'le client dit vouloir décrocher...', 0, 80, 'terminée'),
        (78, 6, 7, '2022-11-29 15:23:35', 'bon', 'Le client a été très satisfait de la rapidité de la livraison', 0, 140, 'terminée'),
        (41, 2, 31, '2022-11-29 16:57:24', 'très mauvais', 'cest la 2ème fois que le client est en retard', 0, 2355, 'en cours'),
        (47, 9, 5, '2022-11-29 20:35:33', 'très bon', 'Le client a été impressionné par le professionnalisme de notre équipe', 0, 624, 'terminée'),
        (70, 2, 43, '2022-11-30 03:04:25', 'bon', 'Le client est très satisfait de sa première expérience', 0, 2200, 'terminée'),
        (87, 3, 7, '2022-11-30 17:03:24', 'bon', 'Le client est très satisfait de sa première expérience', 0, 760, 'terminée'),
        (43, 1, 28, '2022-12-01 06:38:18', 'très bon', 'Le client est très satisfait de sa première expérience', 0, 3150, 'terminée'),
        (94, 5, 3, '2022-12-01 08:48:15', 'très bon', 'Le client est très satisfait de sa première expérience', 0, 416, 'terminée'),
        (26, 15, 13, '2022-12-01 10:09:58', 'mauvais', 'en retard...', 0, 405, 'en cours'),
        (113, 5, 30, '2022-12-01 13:34:44', 'moyen', NULL, 0, 325, 'terminée'),
        (53, 2, 10, '2022-12-01 21:36:22', 'bon', 'Le client a été impressionné par le professionnalisme de notre équipe', 0, 256, 'terminée'),
        (104, 10, 17, '2022-12-01 23:13:04', 'très bon', 'Le client est très satisfait de sa première expérience', 0, 289, 'terminée'),
        (22, 14, 2, '2022-12-02 08:09:41', 'bon', 'Le client a été très satisfait de la rapidité de la livraison', 0, 558, 'terminée'),
        (46, 10, 5, '2022-12-02 10:51:17', 'mauvais', 'en retard...', 0, 148, 'en cours'),
        (44, 10, 2, '2022-12-02 23:58:43', 'très bon', 'Client souhaite acheter en gros', 0, 7600, 'terminée'),
        (29, 14, 18, '2022-12-03 02:50:32', 'très mauvais', 'en retard...', 0, 43, 'en cours'),
        (97, 5, 32, '2022-12-03 04:40:55', 'moyen', NULL, 0, 400, 'terminée'),
        (121, 14, 8, '2022-12-03 08:35:34', 'mauvais', 'Client a été insatisfait... je lai envoyé baladé', 0, 198, 'en cours'),
        (116, 10, 46, '2022-12-03 09:42:49', 'mauvais', 'Client a eu des problèmes de paiement', 0, 365, 'en cours'),
        (67, 11, 14, '2022-12-03 10:42:16', 'bon', 'Client a parlé de recommander notre came à un ami', 0, 270, 'terminée'),
        (30, 10, 9, '2022-12-03 11:48:59', 'très bon', 'Client a parlé de recommander notre came à un ami', 0, 2850, 'terminée'),
        (122, 13, 32, '2022-12-04 05:49:28', 'très bon', 'Client a été satisfait', 0, 85, 'terminée'),
        (90, 1, 31, '2022-12-04 18:48:49', 'très bon', 'Le client a été très satisfait de la rapidité de la livraison', 0, 6200, 'terminée'),
        (52, 15, 46, '2022-12-04 20:38:30', 'bon', 'Le client est très satisfait de sa première expérience', 0, 432, 'terminée'),
        (81, 11, 12, '2022-12-05 12:55:37', 'bon', 'Client a parlé de recommander notre came à un ami', 0, 8000, 'terminée'),
        (100, 5, 25, '2022-12-06 13:15:38', 'moyen', NULL, 0, 64, 'terminée'),
        (69, 5, 14, '2022-12-07 05:28:42', 'moyen', 'RAS', 0, 400, 'terminée'),
        (67, 5, 49, '2022-12-07 10:56:26', 'moyen', NULL, 0, 3137, 'en cours'),
        (51, 10, 22, '2022-12-08 09:41:32', 'bon', 'Client a été satisfait', 0, 576, 'terminée'),
        (81, 10, 13, '2022-12-08 16:11:46', 'moyen', NULL, 0, 150, 'terminée'),
        (84, 1, 12, '2022-12-08 21:16:07', 'très bon', 'Client souhaite acheter en gros', 0, 702, 'terminée'),
        (85, 14, 12, '2022-12-09 19:17:40', 'bon', 'Client souhaite acheter en gros', 0, 1520, 'terminée'),
        (122, 3, 17, '2022-12-09 20:29:11', 'moyen', NULL, 0, 4800, 'terminée'),
        (17, 2, 11, '2022-12-09 22:21:44', 'mauvais', 'Client menace de ne plus revenir', 0, 347, 'en cours'),
        (25, 14, 34, '2022-12-09 23:39:22', 'très mauvais', 'cest la 2ème fois que le client est en retard', 0, 93, 'en cours'),
        (99, 2, 7, '2022-12-10 04:08:33', 'bon', 'Client a parlé de recommander notre came à un ami', 0, 150, 'terminée'),
        (135, 15, 14, '2022-12-10 09:53:22', 'très bon', 'Le client a été impressionné par le professionnalisme de notre équipe', 0, 1700, 'terminée'),
        (76, 10, 14, '2022-12-10 15:11:45', 'moyen', NULL, 0, 80, 'terminée'),
        (122, 12, 36, '2022-12-11 06:57:26', 'bon', 'Le client est très satisfait de sa première expérience', 0, 91, 'terminée'),
        (29, 2, 50, '2022-12-11 10:19:59', 'bon', 'Le client est très satisfait de sa première expérience', 0, 5400, 'terminée'),
        (46, 11, 46, '2022-12-11 14:44:18', 'bon', 'Client souhaite acheter en gros', 0, 570, 'terminée'),
        (116, 9, 31, '2022-12-11 17:18:38', 'très bon', 'Client a été satisfait', 0, 600, 'terminée'),
        (114, 13, 38, '2022-12-11 21:53:36', 'très mauvais', 'cest la 2ème fois que le client est en retard', 0, 853, 'en cours'),
        (87, 5, 11, '2022-12-11 23:16:12', 'mauvais', 'Client semblait nerveux', 0, 4595, 'en cours'),
        (81, 15, 45, '2022-12-12 12:58:11', 'très bon', 'Le client est très satisfait de sa première expérience', 0, 4050, 'terminée'),
        (24, 5, 40, '2022-12-12 13:38:46', 'bon', 'Le client a été très satisfait de la rapidité de la livraison', 0, 300, 'terminée'),
        (85, 9, 18, '2022-12-12 19:56:38', 'très bon', 'Le client est très satisfait de sa première expérience', 0, 247, 'terminée'),
        (105, 11, 45, '2022-12-13 00:55:30', 'très mauvais', 'en retard...', 0, 432, 'en cours'),
        (30, 9, 31, '2022-12-13 09:47:50', 'mauvais', 'Client a parlé de nous signaler à la police', 0, 60, 'en cours'),
        (37, 12, 38, '2022-12-13 14:31:27', 'très bon', 'Client a été satisfait', 0, 320, 'terminée'),
        (75, 9, 18, '2022-12-13 19:27:09', 'très bon', 'Client souhaite acheter en gros', 0, 456, 'terminée'),
        (90, 5, 43, '2022-12-14 05:47:55', 'bon', 'Client a été satisfait', 0, 30, 'terminée'),
        (85, 12, 2, '2022-12-14 11:36:28', 'très mauvais', 'Client a fait une réclamation sur la qualité', 0, 0, 'annulée'),
        (29, 1, 32, '2022-12-14 13:22:15', 'très bon', 'Le client a été impressionné par le professionnalisme de notre équipe', 0, 608, 'terminée'),
        (40, 13, 19, '2022-12-15 15:33:16', 'moyen', 'le client dit vouloir décrocher...', 0, 111, 'en cours'),
        (73, 5, 28, '2022-12-15 19:28:49', 'bon', 'Le client a été impressionné par le professionnalisme de notre équipe', 0, 1950, 'terminée'),
        (89, 11, 5, '2022-12-15 19:32:50', 'bon', 'Le client a été impressionné par le professionnalisme de notre équipe', 0, 288, 'terminée'),
        (97, 13, 32, '2022-12-15 21:12:33', 'bon', 'Client a parlé de recommander notre came à un ami', 0, 5100, 'terminée'),
        (85, 1, 13, '2022-12-16 04:30:57', 'très mauvais', 'Client menace de ne plus revenir', 0, 58, 'en cours'),
        (62, 15, 23, '2022-12-16 08:09:24', 'bon', 'Le client a été très satisfait de la rapidité de la livraison', 0, 32, 'terminée'),
        (18, 5, 35, '2022-12-16 10:59:04', 'bon', 'Client a parlé de recommander notre came à un ami', 0, 576, 'terminée'),
        (124, 14, 38, '2022-12-16 15:31:46', 'moyen', 'Transaction sest déroulée sans problème', 0, 1400, 'terminée'),
        (117, 3, 14, '2022-12-16 19:06:45', 'mauvais', 'cest la 2ème fois que le client est en retard', 0, 19, 'en cours'),
        (66, 2, 47, '2022-12-16 19:21:58', 'mauvais', 'Client a été insatisfait... je lai envoyé baladé', 0, 411, 'en cours'),
        (32, 2, 18, '2022-12-16 22:36:23', 'très bon', 'Le client a été impressionné par le professionnalisme de notre équipe', 0, 252, 'terminée'),
        (125, 10, 27, '2022-12-18 05:32:51', 'très mauvais', 'le client dit vouloir décrocher... je lui donne une dose gratuite', 0, 990, 'en cours'),
        (73, 9, 8, '2022-12-18 13:15:49', 'très bon', 'Le client est très satisfait de sa première expérience', 0, 176, 'terminée'),
        (31, 13, 22, '2022-12-18 14:43:15', 'bon', 'Client souhaite acheter en gros', 0, 612, 'terminée'),
        (82, 3, 7, '2022-12-19 01:28:16', 'très mauvais', 'Client a fait une réclamation sur la qualité', 0, 156, 'en cours'),
        (84, 1, 13, '2022-12-19 10:21:01', 'bon', 'Le client a été impressionné par le professionnalisme de notre équipe', 0, 400, 'terminée'),
        (29, 3, 15, '2022-12-19 18:19:53', 'très bon', 'Le client est très satisfait de sa première expérience', 0, 7200, 'terminée'),
        (58, 1, 14, '2022-12-19 21:50:55', 'moyen', 'le client dit vouloir décrocher...', 0, 300, 'terminée'),
        (90, 2, 38, '2022-12-20 02:27:44', 'très bon', 'Client a parlé de recommander notre came à un ami', 0, 364, 'terminée'),
        (81, 15, 50, '2022-12-20 13:00:58', 'bon', 'Client a parlé de recommander notre came à un ami', 0, 96, 'terminée'),
        (44, 5, 1, '2022-12-20 13:59:52', 'très bon', 'Client a parlé de recommander notre came à un ami', 0, 150, 'terminée'),
        (126, 12, 20, '2022-12-20 14:25:46', 'très bon', 'Client souhaite acheter en gros', 0, 800, 'terminée'),
        (86, 15, 30, '2022-12-21 16:41:53', 'très mauvais', 'Client a été insatisfait... je lai envoyé baladé', 0, 11, 'en cours'),
        (61, 12, 9, '2022-12-21 17:17:21', 'très bon', 'Le client est très satisfait de sa première expérience', 0, 150, 'terminée'),
        (79, 5, 2, '2022-12-22 04:02:17', 'mauvais', 'Il a demandé une réduction...', 0, 27, 'en cours'),
        (21, 10, 50, '2022-12-22 07:27:52', 'très mauvais', 'Client menace de ne plus revenir', 0, 86, 'en cours'),
        (22, 15, 51, '2022-12-22 07:37:38', 'mauvais', 'Client a été insatisfait... je lai envoyé baladé', 0, 0, 'annulée'),
        (74, 12, 9, '2022-12-22 08:05:39', 'très bon', 'Client a été satisfait', 0, 108, 'terminée'),
        (61, 13, 22, '2022-12-22 11:21:19', 'très mauvais', 'Client a parlé de nous signaler à la police', 0, 37, 'en cours'),
        (68, 10, 12, '2022-12-22 16:58:53', 'mauvais', 'le client dit vouloir décrocher... je lui donne une dose gratuite', 0, 363, 'en cours'),
        (79, 5, 3, '2022-12-23 10:14:15', 'mauvais', 'Client menace de ne plus revenir', 0, 397, 'en cours'),
        (32, 10, 24, '2022-12-23 15:39:10', 'très bon', 'Client a été satisfait', 0, 5250, 'terminée'),
        (120, 1, 10, '2022-12-23 18:20:38', 'moyen', NULL, 0, 11, 'en cours'),
        (62, 11, 31, '2022-12-23 23:12:34', 'très bon', 'Le client a été très satisfait de la rapidité de la livraison', 0, 312, 'terminée'),
        (57, 11, 4, '2022-12-24 10:01:11', 'moyen', NULL, 0, 540, 'terminée'),
        (46, 14, 24, '2022-12-24 18:20:32', 'très mauvais', 'Client a fait une réclamation sur la qualité', 0, 9, 'en cours'),
        (130, 11, 48, '2022-12-24 18:35:51', 'très mauvais', 'Client semblait nerveux', 0, 120, 'en cours'),
        (24, 7, 6, '2022-12-24 23:41:35', 'très mauvais', 'en retard...', 0, 156, 'en cours'),
        (128, 13, 24, '2022-12-26 11:35:00', 'très bon', 'Le client est très satisfait de sa première expérience', 0, 6400, 'terminée'),
        (67, 13, 38, '2022-12-26 13:07:28', 'moyen', NULL, 0, 720, 'terminée'),
        (20, 1, 37, '2022-12-26 13:11:16', 'très mauvais', 'Client a fait une réclamation sur la qualité', 0, 115, 'en cours'),
        (52, 9, 31, '2022-12-26 22:48:28', 'bon', 'Client a été satisfait', 0, 684, 'terminée'),
        (83, 3, 43, '2022-12-27 00:31:17', 'bon', 'Le client est très satisfait de sa première expérience', 0, 252, 'terminée'),
        (49, 2, 47, '2022-12-27 03:00:26', 'très mauvais', 'cest la 2ème fois que le client est en retard', 0, 448, 'en cours'),
        (78, 10, 28, '2022-12-27 04:39:15', 'très mauvais', 'en retard...', 0, 102, 'en cours'),
        (98, 5, 13, '2022-12-27 07:36:18', 'bon', 'Le client a été impressionné par le professionnalisme de notre équipe', 0, 114, 'terminée'),
        (88, 11, 1, '2022-12-27 21:51:38', 'très bon', 'Le client a été très satisfait de la rapidité de la livraison', 0, 256, 'terminée'),
        (117, 3, 39, '2022-12-28 00:02:55', 'très mauvais', 'le client dit vouloir décrocher... je lui donne une dose gratuite', 0, 108, 'en cours'),
        (28, 13, 44, '2022-12-28 02:23:13', 'bon', 'Le client est très satisfait de sa première expérience', 0, 522, 'terminée'),
        (84, 12, 7, '2022-12-28 02:28:40', 'bon', 'Le client a été très satisfait de la rapidité de la livraison', 0, 19400, 'terminée'),
        (133, 9, 3, '2022-12-28 02:58:37', 'très bon', 'Le client a été impressionné par le professionnalisme de notre équipe', 0, 612, 'terminée'),
        (119, 2, 33, '2022-12-28 10:33:09', 'mauvais', 'Client a eu des problèmes de paiement', 0, 189, 'en cours'),
        (44, 2, 40, '2022-12-28 15:59:08', 'moyen', NULL, 0, 160, 'terminée'),
        (71, 3, 6, '2022-12-28 16:37:18', 'très mauvais', 'Client a eu des problèmes de paiement', 0, 341, 'en cours'),
        (110, 11, 23, '2022-12-29 00:46:41', 'moyen', 'Transaction sest déroulée sans problème', 0, 213, 'en cours'),
        (70, 2, 38, '2022-12-29 05:02:40', 'moyen', NULL, 0, 570, 'terminée'),
        (116, 10, 25, '2022-12-29 06:53:33', 'bon', 'Client a parlé de recommander notre came à un ami', 0, 160, 'terminée'),
        (27, 5, 28, '2022-12-29 12:53:38', 'très bon', 'Le client a été impressionné par le professionnalisme de notre équipe', 0, 2250, 'terminée'),
        (126, 5, 26, '2022-12-29 16:44:43', 'très mauvais', 'Client a eu des problèmes de paiement', 0, 177, 'en cours'),
        (111, 11, 28, '2022-12-30 05:56:05', 'mauvais', 'Client a eu des problèmes de paiement', 0, 3888, 'en cours'),
        (128, 2, 44, '2022-12-30 09:16:38', 'très mauvais', 'Il a demandé une réduction...', 0, 343, 'en cours'),
        (93, 5, 49, '2022-12-30 16:19:34', 'très bon', 'Client souhaite acheter en gros', 0, 527, 'terminée'),
        (54, 8, 4, '2022-12-30 20:58:58', 'très bon', 'Le client a été très satisfait de la rapidité de la livraison', 0, 260, 'terminée'),
        (51, 6, 8, '2022-12-31 03:02:40', 'bon', 'Client a parlé de recommander notre came à un ami', 0, 120, 'terminée'),
        (124, 15, 38, '2022-12-31 13:33:37', 'très mauvais', 'Client a été insatisfait... je lai envoyé baladé', 0, 0, 'annulée'),
        (132, 13, 42, '2023-01-01 00:09:54', 'très bon', 'Le client a été très satisfait de la rapidité de la livraison', 0, 7600, 'terminée'),
        (75, 2, 26, '2023-01-01 01:34:07', 'très bon', 'Client a parlé de recommander notre came à un ami', 0, 400, 'terminée'),
        (87, 1, 44, '2023-01-01 03:09:00', 'très bon', 'Le client est très satisfait de sa première expérience', 0, 324, 'terminée'),
        (130, 1, 46, '2023-01-01 07:00:41', 'bon', 'Client a parlé de recommander notre came à un ami', 0, 26, 'terminée'),
        (47, 3, 5, '2023-01-01 12:56:53', 'bon', 'Client a parlé de recommander notre came à un ami', 0, 464, 'terminée'),
        (124, 1, 3, '2023-01-01 18:20:47', 'très mauvais', 'le client dit vouloir décrocher... je lui donne une dose gratuite', 0, 184, 'en cours'),
        (62, 1, 18, '2023-01-01 22:58:48', 'moyen', NULL, 0, 2400, 'terminée'),
        (46, 14, 40, '2023-01-02 00:15:56', 'moyen', 'le client dit vouloir décrocher...', 0, 260, 'terminée'),
        (51, 9, 30, '2023-01-02 00:32:53', 'bon', 'Client a parlé de recommander notre came à un ami', 0, 238, 'terminée'),
        (64, 10, 19, '2023-01-02 01:55:04', 'mauvais', 'Client a fait une réclamation', 0, 271, 'en cours'),
        (52, 2, 2, '2023-01-02 03:31:34', 'très mauvais', 'Il a demandé une réduction...', 0, 56, 'en cours'),
        (111, 15, 16, '2023-01-02 10:45:56', 'bon', 'Client a parlé de recommander notre came à un ami', 0, 468, 'terminée'),
        (76, 12, 47, '2023-01-02 15:44:24', 'mauvais', 'Client a fait une réclamation sur la qualité', 0, 121, 'en cours'),
        (63, 7, 6, '2023-01-03 05:28:24', 'bon', 'Client a été satisfait', 0, 3400, 'terminée'),
        (82, 1, 35, '2023-01-03 11:58:20', 'très mauvais', 'Client a eu des problèmes de paiement', 0, 178, 'en cours'),
        (106, 5, 20, '2023-01-03 14:11:37', 'très bon', 'Client souhaite acheter en gros', 0, 486, 'terminée'),
        (133, 2, 31, '2023-01-03 18:40:40', 'très bon', 'Client a été satisfait', 0, 4950, 'terminée'),
        (71, 9, 14, '2023-01-03 23:07:56', 'mauvais', 'Client a fait une réclamation sur la qualité', 0, 0, 'annulée'),
        (82, 15, 18, '2023-01-04 05:30:26', 'mauvais', 'Client a eu des problèmes de paiement', 0, 0, 'annulée'),
        (119, 1, 23, '2023-01-04 11:47:28', 'très mauvais', 'Client a fait une réclamation sur la qualité', 0, 36, 'en cours'),
        (25, 1, 6, '2023-01-04 20:05:36', 'bon', 'Le client a été très satisfait de la rapidité de la livraison', 0, 648, 'terminée'),
        (56, 13, 5, '2023-01-05 04:36:36', 'très bon', 'Le client est très satisfait de sa première expérience', 0, 2400, 'terminée'),
        (109, 1, 2, '2023-01-05 07:30:32', 'très mauvais', 'Client menace de ne plus revenir', 0, 186, 'en cours'),
        (80, 15, 8, '2023-01-05 09:04:54', 'bon', 'Le client a été très satisfait de la rapidité de la livraison', 0, 760, 'terminée'),
        (114, 15, 8, '2023-01-05 11:08:01', 'très bon', 'Le client a été très satisfait de la rapidité de la livraison', 0, 468, 'terminée'),
        (97, 3, 17, '2023-01-05 21:48:03', 'mauvais', 'Client a fait une réclamation', 0, 0, 'annulée'),
        (69, 3, 32, '2023-01-05 23:52:13', 'bon', 'Le client a été impressionné par le professionnalisme de notre équipe', 0, 620, 'terminée'),
        (114, 13, 15, '2023-01-06 01:26:54', 'moyen', 'le client dit vouloir décrocher...', 0, 285, 'terminée'),
        (87, 5, 35, '2023-01-06 04:14:48', 'bon', 'Client a parlé de recommander notre came à un ami', 0, 576, 'terminée'),
        (20, 5, 18, '2023-01-06 09:31:12', 'moyen', 'Transaction sest déroulée sans problème', 0, 100, 'en cours'),
        (94, 9, 21, '2023-01-06 20:01:54', 'bon', 'Le client est très satisfait de sa première expérience', 0, 6400, 'terminée'),
        (91, 12, 34, '2023-01-06 21:32:52', 'mauvais', 'en retard...', 0, 18, 'en cours'),
        (115, 9, 45, '2023-01-06 22:17:38', 'très mauvais', 'Client a eu des problèmes de paiement', 0, 342, 'en cours'),
        (54, 5, 24, '2023-01-07 03:58:05', 'mauvais', 'en retard...', 0, 751, 'en cours'),
        (64, 5, 17, '2023-01-07 12:13:21', 'bon', 'Le client a été très satisfait de la rapidité de la livraison', 0, 1200, 'terminée'),
        (38, 2, 48, '2023-01-08 00:54:59', 'bon', 'Le client a été très satisfait de la rapidité de la livraison', 0, 741, 'terminée'),
        (34, 12, 6, '2023-01-08 07:09:13', 'mauvais', 'Client a fait une réclamation', 0, 1231, 'en cours'),
        (43, 2, 34, '2023-01-08 09:16:13', 'bon', 'Client souhaite acheter en gros', 0, 8000, 'terminée'),
        (125, 1, 34, '2023-01-08 10:16:36', 'très mauvais', 'Il a demandé une réduction...', 0, 165, 'en cours'),
        (113, 10, 36, '2023-01-08 16:49:10', 'très bon', 'Le client a été très satisfait de la rapidité de la livraison', 0, 240, 'terminée'),
        (86, 14, 25, '2023-01-09 01:28:31', 'bon', 'Le client a été très satisfait de la rapidité de la livraison', 0, 1200, 'terminée'),
        (18, 15, 37, '2023-01-09 03:50:39', 'moyen', 'le client dit vouloir décrocher...', 0, 364, 'terminée'),
        (65, 2, 32, '2023-01-09 05:56:15', 'très bon', 'Client a parlé de recommander notre came à un ami', 0, 120, 'terminée'),
        (98, 15, 10, '2023-01-09 18:25:09', 'moyen', 'Transaction sest déroulée sans problème', 0, 280, 'terminée'),
        (76, 2, 38, '2023-01-09 20:47:57', 'très mauvais', 'Client menace de ne plus revenir', 0, 0, 'annulée'),
        (33, 15, 5, '2023-01-10 03:27:28', 'bon', 'Client souhaite acheter en gros', 0, 510, 'terminée'),
        (37, 1, 44, '2023-01-10 10:56:32', 'très mauvais', 'cest la 2ème fois que le client est en retard', 0, 304, 'en cours'),
        (124, 12, 40, '2023-01-10 23:06:39', 'très mauvais', 'le client dit vouloir décrocher... je lui donne une dose gratuite', 0, 58, 'en cours'),
        (24, 6, 7, '2023-01-11 05:18:35', 'très bon', 'Client a parlé de recommander notre came à un ami', 0, 221, 'terminée'),
        (42, 13, 12, '2023-01-11 05:24:58', 'très bon', 'Client a parlé de recommander notre came à un ami', 0, 68, 'terminée'),
        (45, 1, 34, '2023-01-11 05:30:00', 'moyen', NULL, 0, 361, 'en cours'),
        (49, 3, 29, '2023-01-11 11:15:44', 'très bon', 'Client souhaite acheter en gros', 0, 221, 'terminée'),
        (67, 1, 19, '2023-01-11 15:39:46', 'très mauvais', 'Client a parlé de nous signaler à la police', 0, 206, 'en cours'),
        (94, 5, 1, '2023-01-11 17:16:03', 'bon', 'Client souhaite acheter en gros', 0, 85, 'terminée'),
        (126, 2, 36, '2023-01-12 09:26:56', 'bon', 'Client a parlé de recommander notre came à un ami', 0, 36, 'terminée'),
        (17, 3, 16, '2023-01-12 12:30:03', 'bon', 'Client a été satisfait', 0, 396, 'terminée'),
        (91, 14, 22, '2023-01-13 00:46:13', 'très bon', 'Le client a été très satisfait de la rapidité de la livraison', 0, 640, 'terminée'),
        (22, 3, 51, '2023-01-14 08:04:43', 'très mauvais', 'Client a parlé de nous signaler à la police', 0, 6601, 'en cours'),
        (73, 14, 22, '2023-01-14 14:41:11', 'très bon', 'Le client a été très satisfait de la rapidité de la livraison', 0, 4000, 'terminée'),
        (86, 15, 42, '2023-01-15 01:57:10', 'bon', 'Client a parlé de recommander notre came à un ami', 0, 272, 'terminée'),
        (56, 12, 16, '2023-01-15 04:55:10', 'moyen', NULL, 0, 481, 'terminée'),
        (117, 10, 42, '2023-01-15 19:39:28', 'très bon', 'Client a été satisfait', 0, 720, 'terminée'),
        (126, 2, 5, '2023-01-15 21:13:36', 'mauvais', 'Client a été insatisfait... je lai envoyé baladé', 0, 90, 'en cours'),
        (87, 15, 10, '2023-01-15 23:39:36', 'très bon', 'Le client a été impressionné par le professionnalisme de notre équipe', 0, 820, 'terminée'),
        (126, 1, 18, '2023-01-16 06:23:05', 'mauvais', 'le client dit vouloir décrocher... je lui donne une dose gratuite', 0, 0, 'annulée'),
        (91, 10, 6, '2023-01-16 07:25:27', 'très mauvais', 'en retard...', 0, 0, 'annulée'),
        (25, 1, 9, '2023-01-16 16:09:54', 'bon', 'Client a été satisfait', 0, 702, 'terminée'),
        (119, 10, 21, '2023-01-16 18:32:27', 'bon', 'Client a parlé de recommander notre came à un ami', 0, 40, 'terminée'),
        (56, 5, 31, '2023-01-16 20:45:00', 'très bon', 'Client a été satisfait', 0, 800, 'terminée'),
        (88, 2, 21, '2023-01-16 23:12:30', 'moyen', 'Transaction sest déroulée sans problème', 0, 38, 'terminée'),
        (113, 14, 12, '2023-01-17 03:24:36', 'très bon', 'Client souhaite acheter en gros', 0, 352, 'terminée'),
        (53, 10, 34, '2023-01-17 11:06:21', 'très mauvais', 'Client a eu des problèmes de paiement', 0, 80, 'en cours'),
        (90, 14, 37, '2023-01-18 00:43:16', 'bon', 'Le client a été impressionné par le professionnalisme de notre équipe', 0, 272, 'terminée'),
        (54, 5, 32, '2023-01-18 16:03:41', 'bon', 'Client souhaite acheter en gros', 0, 130, 'terminée'),
        (44, 14, 30, '2023-01-18 19:06:22', 'très mauvais', 'Il a posé des questions sur les produits', 0, 53, 'en cours'),
        (94, 11, 31, '2023-01-18 20:59:18', 'moyen', 'Transaction sest déroulée sans problème', 0, 321, 'en cours'),
        (134, 11, 41, '2023-01-20 11:50:29', 'mauvais', 'le client dit vouloir décrocher... je lui donne une dose gratuite', 0, 46, 'en cours'),
        (36, 14, 40, '2023-01-20 16:47:34', 'très mauvais', 'cest la 2ème fois que le client est en retard', 0, 230, 'en cours'),
        (123, 3, 50, '2023-01-20 19:53:45', 'très bon', 'Le client est très satisfait de sa première expérience', 0, 162, 'terminée'),
        (18, 14, 45, '2023-01-20 23:00:53', 'bon', 'Le client est très satisfait de sa première expérience', 0, 390, 'terminée'),
        (64, 11, 13, '2023-01-20 23:58:37', 'très bon', 'Le client a été très satisfait de la rapidité de la livraison', 0, 608, 'terminée'),
        (112, 3, 8, '2023-01-21 02:13:36', 'très bon', 'Le client a été impressionné par le professionnalisme de notre équipe', 0, 592, 'terminée'),
        (87, 5, 15, '2023-01-21 07:48:21', 'bon', 'Le client a été impressionné par le professionnalisme de notre équipe', 0, 1650, 'terminée'),
        (101, 2, 22, '2023-01-21 17:31:31', 'très bon', 'Le client a été impressionné par le professionnalisme de notre équipe', 0, 1000, 'terminée'),
        (61, 12, 4, '2023-01-22 01:43:48', 'bon', 'Le client a été très satisfait de la rapidité de la livraison', 0, 266, 'terminée'),
        (100, 14, 1, '2023-01-22 15:58:06', 'moyen', NULL, 0, 272, 'terminée'),
        (64, 3, 21, '2023-01-22 18:08:06', 'bon', 'Client a parlé de recommander notre came à un ami', 0, 364, 'terminée'),
        (84, 14, 19, '2023-01-23 07:54:11', 'bon', 'Le client a été impressionné par le professionnalisme de notre équipe', 0, 182, 'terminée'),
        (39, 5, 37, '2023-01-23 11:06:12', 'mauvais', 'Client a fait une réclamation sur la qualité', 0, 1414, 'en cours'),
        (54, 15, 45, '2023-01-23 18:57:29', 'très mauvais', 'Client a fait une réclamation sur la qualité', 0, 25, 'en cours'),
        (88, 5, 11, '2023-01-24 02:28:38', 'bon', 'Client a parlé de recommander notre came à un ami', 0, 374, 'terminée'),
        (63, 2, 46, '2023-01-24 05:18:32', 'mauvais', 'cest la 2ème fois que le client est en retard', 0, 228, 'en cours'),
        (99, 3, 32, '2023-01-24 11:50:09', 'bon', 'Client a parlé de recommander notre came à un ami', 0, 68, 'terminée'),
        (76, 1, 18, '2023-01-25 01:17:18', 'moyen', NULL, 0, 286, 'terminée'),
        (113, 15, 49, '2023-01-25 01:23:24', 'très bon', 'Client souhaite acheter en gros', 0, 228, 'terminée'),
        (86, 3, 13, '2023-01-25 04:05:32', 'bon', 'Le client est très satisfait de sa première expérience', 0, 171, 'terminée'),
        (52, 14, 5, '2023-01-25 07:09:45', 'bon', 'Client a été satisfait', 0, 532, 'terminée'),
        (78, 5, 10, '2023-01-25 10:37:28', 'très bon', 'Le client a été impressionné par le professionnalisme de notre équipe', 0, 720, 'terminée'),
        (102, 9, 11, '2023-01-25 16:28:19', 'très mauvais', 'cest la 2ème fois que le client est en retard', 0, 0, 'annulée'),
        (66, 3, 16, '2023-01-25 17:44:04', 'moyen', NULL, 0, 285, 'terminée'),
        (116, 2, 25, '2023-01-25 20:58:55', 'moyen', 'RAS', 0, 342, 'terminée'),
        (28, 15, 7, '2023-01-25 21:59:27', 'moyen', 'le client dit vouloir décrocher...', 0, 153, 'terminée'),
        (32, 14, 37, '2023-01-26 11:13:48', 'bon', 'Le client a été très satisfait de la rapidité de la livraison', 0, 60, 'terminée'),
        (21, 13, 16, '2023-01-26 14:24:52', 'très bon', 'Client a parlé de recommander notre came à un ami', 0, 169, 'terminée'),
        (20, 12, 47, '2023-01-26 20:43:41', 'bon', 'Client souhaite acheter en gros', 0, 2400, 'terminée'),
        (37, 14, 21, '2023-01-27 06:42:54', 'très bon', 'Client a parlé de recommander notre came à un ami', 0, 152, 'terminée'),
        (112, 9, 10, '2023-01-27 14:59:16', 'mauvais', 'Client menace de ne plus revenir', 0, 137, 'en cours'),
        (123, 1, 46, '2023-01-27 15:37:04', 'mauvais', 'Il a demandé une réduction...', 0, 108, 'en cours'),
        (129, 10, 11, '2023-01-28 04:46:18', 'très bon', 'Client a été satisfait', 0, 204, 'terminée'),
        (24, 3, 20, '2023-01-28 05:31:56', 'mauvais', 'Client a fait une réclamation sur la qualité', 0, 755, 'en cours'),
        (123, 11, 8, '2023-01-28 11:27:46', 'bon', 'Le client a été très satisfait de la rapidité de la livraison', 0, 310, 'terminée'),
        (73, 12, 20, '2023-01-28 21:24:56', 'mauvais', 'Client réclame sur le prix', 0, 2, 'en cours'),
        (74, 2, 3, '2023-01-28 23:16:44', 'mauvais', 'Client a parlé de nous signaler à la police', 0, 169, 'en cours'),
        (131, 2, 48, '2023-01-30 03:28:13', 'très bon', 'Client a parlé de recommander notre came à un ami', 0, 133, 'terminée'),
        (19, 2, 12, '2023-01-30 10:14:08', 'bon', 'Le client a été impressionné par le professionnalisme de notre équipe', 0, 368, 'terminée'),
        (81, 5, 25, '2023-01-30 22:52:49', 'très mauvais', 'cest la 2ème fois que le client est en retard', 0, 274, 'en cours'),
        (56, 3, 27, '2023-01-31 06:11:45', 'très bon', 'Client souhaite acheter en gros', 0, 8000, 'terminée'),
        (29, 2, 13, '2023-01-31 07:20:55', 'très bon', 'Client a été satisfait', 0, 280, 'terminée'),
        (50, 2, 34, '2023-01-31 11:33:47', 'mauvais', 'Il a posé des questions sur les produits', 0, 80, 'en cours'),
        (100, 11, 23, '2023-01-31 19:13:35', 'très mauvais', 'cest la 2ème fois que le client est en retard', 0, 208, 'en cours'),
        (93, 1, 49, '2023-01-31 23:07:01', 'bon', 'Le client est très satisfait de sa première expérience', 0, 208, 'terminée'),
        (22, 3, 41, '2023-02-01 17:49:55', 'mauvais', 'Client réclame sur le prix', 0, 10, 'en cours'),
        (95, 1, 48, '2023-02-01 23:53:11', 'très bon', 'Client souhaite acheter en gros', 0, 684, 'terminée'),
        (114, 11, 17, '2023-02-02 09:26:04', 'bon', 'Le client est très satisfait de sa première expérience', 0, 90, 'terminée'),
        (76, 2, 22, '2023-02-02 10:40:25', 'très bon', 'Client a été satisfait', 0, 3400, 'terminée'),
        (31, 5, 36, '2023-02-02 22:35:18', 'bon', 'Client souhaite acheter en gros', 0, 90, 'terminée'),
        (117, 3, 43, '2023-02-03 12:41:01', 'mauvais', 'le client dit vouloir décrocher... je lui donne une dose gratuite', 0, 2, 'en cours'),
        (16, 1, 14, '2023-02-03 20:22:38', 'moyen', NULL, 0, 277, 'en cours'),
        (104, 3, 29, '2023-02-04 02:02:14', 'très bon', 'Le client a été très satisfait de la rapidité de la livraison', 0, 702, 'terminée'),
        (93, 5, 43, '2023-02-04 04:39:02', 'très bon', 'Le client est très satisfait de sa première expérience', 0, 140, 'terminée'),
        (35, 11, 37, '2023-02-04 06:26:59', 'moyen', NULL, 0, 1786, 'terminée'),
        (125, 5, 2, '2023-02-04 11:39:04', 'bon', 'Client a été satisfait', 0, 200, 'terminée'),
        (129, 11, 27, '2023-02-04 17:17:27', 'bon', 'Le client est très satisfait de sa première expérience', 0, 8000, 'terminée'),
        (42, 3, 46, '2023-02-04 20:17:23', 'mauvais', 'cest la 2ème fois que le client est en retard', 0, 499, 'en cours'),
        (81, 2, 40, '2023-02-05 18:00:15', 'moyen', NULL, 0, 210, 'terminée'),
        (19, 1, 51, '2023-02-05 20:44:02', 'très bon', 'Le client a été impressionné par le professionnalisme de notre équipe', 0, 2250, 'terminée'),
        (34, 12, 15, '2023-02-06 12:42:40', 'très bon', 'Client a été satisfait', 0, 180, 'terminée'),
        (132, 5, 18, '2023-02-06 16:12:20', 'mauvais', 'Client a parlé de nous signaler à la police', 0, 290, 'en cours'),
        (75, 10, 19, '2023-02-07 03:38:25', 'moyen', NULL, 0, 64, 'en cours'),
        (130, 11, 9, '2023-02-07 15:30:42', 'mauvais', 'Client a parlé de nous signaler à la police', 0, 0, 'annulée'),
        (20, 1, 46, '2023-02-08 03:38:46', 'très bon', 'Client a été satisfait', 0, 3000, 'terminée'),
        (89, 14, 21, '2023-02-08 07:46:43', 'mauvais', 'cest la 2ème fois que le client est en retard', 0, 0, 'annulée'),
        (37, 9, 47, '2023-02-08 12:18:08', 'mauvais', 'cest la 2ème fois que le client est en retard', 0, 9718, 'en cours'),
        (124, 12, 9, '2023-02-08 14:04:32', 'très mauvais', 'cest la 2ème fois que le client est en retard', 0, 628, 'en cours'),
        (105, 1, 2, '2023-02-08 16:42:00', 'bon', 'Client a été satisfait', 0, 544, 'terminée'),
        (62, 11, 9, '2023-02-09 05:09:07', 'très bon', 'Le client a été impressionné par le professionnalisme de notre équipe', 0, 323, 'terminée'),
        (131, 14, 6, '2023-02-09 07:19:23', 'mauvais', 'Client a parlé de nous signaler à la police', 0, 183, 'en cours'),
        (34, 9, 29, '2023-02-09 07:24:04', 'mauvais', 'le client dit vouloir décrocher... je lui donne une dose gratuite', 0, 118, 'en cours'),
        (37, 5, 48, '2023-02-10 02:35:14', 'mauvais', 'le client dit vouloir décrocher... je lui donne une dose gratuite', 0, 0, 'en cours'),
        (78, 12, 48, '2023-02-10 04:35:03', 'moyen', NULL, 0, 646, 'terminée'),
        (122, 3, 7, '2023-02-10 12:24:52', 'très bon', 'Client souhaite acheter en gros', 0, 2400, 'terminée'),
        (82, 1, 31, '2023-02-10 21:19:27', 'très bon', 'Client a parlé de recommander notre came à un ami', 0, 522, 'terminée'),
        (72, 3, 49, '2023-02-10 22:09:53', 'mauvais', 'Client semblait nerveux', 0, 128, 'en cours'),
        (27, 1, 33, '2023-02-10 23:33:47', 'bon', 'Le client a été très satisfait de la rapidité de la livraison', 0, 558, 'terminée'),
        (31, 2, 6, '2023-02-11 01:44:11', 'très bon', 'Client a parlé de recommander notre came à un ami', 0, 91, 'terminée'),
        (98, 3, 15, '2023-02-11 23:46:31', 'très bon', 'Client a parlé de recommander notre came à un ami', 0, 234, 'terminée'),
        (26, 2, 38, '2023-02-12 08:16:52', 'moyen', NULL, 0, 481, 'terminée'),
        (71, 3, 21, '2023-02-12 09:32:49', 'très mauvais', 'Client a eu des problèmes de paiement', 0, 0, 'annulée'),
        (103, 3, 41, '2023-02-12 12:02:31', 'bon', 'Le client a été très satisfait de la rapidité de la livraison', 0, 722, 'terminée'),
        (127, 2, 38, '2023-02-12 12:48:46', 'mauvais', 'Client menace de ne plus revenir', 0, 5258, 'en cours'),
        (27, 13, 45, '2023-02-12 15:52:11', 'mauvais', 'Client a fait une réclamation', 0, 154, 'en cours'),
        (102, 1, 13, '2023-02-12 18:50:06', 'moyen', 'Transaction sest déroulée sans problème', 0, 40, 'terminée'),
        (55, 5, 39, '2023-02-14 11:47:40', 'bon', 'Le client a été impressionné par le professionnalisme de notre équipe', 0, 403, 'terminée'),
        (41, 5, 51, '2023-02-14 18:44:47', 'bon', 'Le client a été impressionné par le professionnalisme de notre équipe', 0, 18, 'terminée'),
        (116, 2, 32, '2023-02-14 21:30:51', 'bon', 'Le client a été impressionné par le professionnalisme de notre équipe', 0, 110, 'terminée'),
        (62, 3, 29, '2023-02-14 22:09:32', 'bon', 'Le client a été impressionné par le professionnalisme de notre équipe', 0, 336, 'terminée'),
        (92, 9, 31, '2023-02-15 07:12:16', 'bon', 'Le client est très satisfait de sa première expérience', 0, 527, 'terminée'),
        (95, 5, 39, '2023-02-15 07:16:26', 'bon', 'Client a parlé de recommander notre came à un ami', 0, 374, 'terminée'),
        (76, 9, 14, '2023-02-15 10:15:49', 'très bon', 'Le client a été impressionné par le professionnalisme de notre équipe', 0, 160, 'terminée'),
        (113, 3, 18, '2023-02-15 10:27:37', 'mauvais', 'Client a fait une réclamation', 0, 113, 'en cours'),
        (45, 1, 51, '2023-02-15 11:22:22', 'très bon', 'Le client a été très satisfait de la rapidité de la livraison', 0, 26, 'terminée'),
        (110, 5, 27, '2023-02-15 22:42:35', 'mauvais', 'Client a eu des problèmes de paiement', 0, 0, 'annulée'),
        (92, 14, 39, '2023-02-16 13:26:42', 'très bon', 'Le client est très satisfait de sa première expérience', 0, 250, 'terminée'),
        (54, 12, 2, '2023-02-16 15:25:54', 'très bon', 'Client a parlé de recommander notre came à un ami', 0, 182, 'terminée'),
        (58, 1, 7, '2023-02-16 15:54:31', 'très bon', 'Client souhaite acheter en gros', 0, 144, 'terminée'),
        (20, 3, 10, '2023-02-16 23:24:53', 'mauvais', 'le client dit vouloir décrocher... je lui donne une dose gratuite', 0, 7, 'en cours'),
        (134, 12, 24, '2023-02-17 01:41:26', 'bon', 'Le client est très satisfait de sa première expérience', 0, 1200, 'terminée'),
        (78, 9, 3, '2023-02-17 03:44:55', 'bon', 'Le client a été très satisfait de la rapidité de la livraison', 0, 68, 'terminée'),
        (123, 3, 34, '2023-02-17 05:48:41', 'très mauvais', 'Client menace de ne plus revenir', 0, 250, 'en cours'),
        (17, 13, 34, '2023-02-17 06:51:10', 'très mauvais', 'en retard...', 0, 144, 'en cours'),
        (68, 5, 19, '2023-02-17 12:52:55', 'bon', 'Le client a été très satisfait de la rapidité de la livraison', 0, 408, 'terminée'),
        (16, 9, 43, '2023-02-17 23:38:27', 'mauvais', 'Client a été insatisfait... je lai envoyé baladé', 0, 9, 'en cours'),
        (24, 1, 33, '2023-02-18 07:06:40', 'mauvais', 'Client semblait nerveux', 0, 140, 'en cours'),
        (53, 15, 10, '2023-02-18 09:28:30', 'bon', 'Client souhaite acheter en gros', 0, 169, 'terminée'),
        (29, 1, 36, '2023-02-18 10:00:06', 'bon', 'Le client a été impressionné par le professionnalisme de notre équipe', 0, 85, 'terminée'),
        (62, 15, 47, '2023-02-18 10:55:05', 'bon', 'Le client est très satisfait de sa première expérience', 0, 180, 'terminée'),
        (120, 3, 18, '2023-02-18 17:48:42', 'bon', 'Le client est très satisfait de sa première expérience', 0, 5550, 'terminée'),
        (135, 9, 19, '2023-02-19 00:20:23', 'très mauvais', 'Client a parlé de nous signaler à la police', 0, 75, 'en cours'),
        (115, 2, 16, '2023-02-19 05:07:40', 'moyen', 'le client dit vouloir décrocher...', 0, 437, 'terminée'),
        (65, 2, 21, '2023-02-19 23:09:01', 'bon', 'Le client est très satisfait de sa première expérience', 0, 486, 'terminée'),
        (108, 2, 32, '2023-02-20 01:22:43', 'très bon', 'Le client est très satisfait de sa première expérience', 0, 2600, 'terminée'),
        (125, 5, 51, '2023-02-20 11:20:48', 'mauvais', 'Client a fait une réclamation', 0, 81, 'en cours'),
        (31, 9, 35, '2023-02-20 11:42:15', 'très bon', 'Client souhaite acheter en gros', 0, 500, 'terminée'),
        (42, 1, 4, '2023-02-20 13:34:29', 'très mauvais', 'Client a été insatisfait... je lai envoyé baladé', 0, 163, 'en cours'),
        (87, 15, 8, '2023-02-20 19:43:36', 'très bon', 'Client a été satisfait', 0, 390, 'terminée'),
        (99, 1, 33, '2023-02-21 18:19:14', 'très bon', 'Client a été satisfait', 0, 368, 'terminée'),
        (100, 3, 31, '2023-02-22 01:18:23', 'bon', 'Client a parlé de recommander notre came à un ami', 0, 34, 'terminée'),
        (73, 15, 41, '2023-02-22 08:39:37', 'très mauvais', 'cest la 2ème fois que le client est en retard', 0, 320, 'en cours'),
        (30, 3, 3, '2023-02-22 12:43:32', 'moyen', NULL, 0, 1080, 'terminée'),
        (21, 5, 18, '2023-02-22 13:48:17', 'très bon', 'Le client a été très satisfait de la rapidité de la livraison', 0, 96, 'terminée'),
        (27, 3, 9, '2023-02-22 15:54:05', 'bon', 'Le client a été très satisfait de la rapidité de la livraison', 0, 51, 'terminée'),
        (123, 15, 33, '2023-02-22 19:22:07', 'mauvais', 'Client a parlé de nous signaler à la police', 0, 0, 'annulée'),
        (128, 11, 47, '2023-02-23 01:45:47', 'très mauvais', 'Il a demandé une réduction...', 0, 0, 'annulée'),
        (121, 9, 50, '2023-02-23 02:03:59', 'très bon', 'Le client a été impressionné par le professionnalisme de notre équipe', 0, 336, 'terminée'),
        (84, 2, 25, '2023-02-23 08:08:36', 'mauvais', 'Client menace de ne plus revenir', 0, 10, 'en cours'),
        (74, 10, 32, '2023-02-24 07:16:21', 'bon', 'Client souhaite acheter en gros', 0, 190, 'terminée'),
        (20, 5, 22, '2023-02-24 09:26:17', 'moyen', NULL, 0, 527, 'terminée'),
        (21, 5, 40, '2023-02-24 13:09:48', 'bon', 'Le client a été très satisfait de la rapidité de la livraison', 0, 396, 'terminée'),
        (78, 10, 10, '2023-02-24 16:55:43', 'bon', 'Client a parlé de recommander notre came à un ami', 0, 256, 'terminée'),
        (112, 12, 21, '2023-02-24 22:24:28', 'bon', 'Client a été satisfait', 0, 182, 'terminée'),
        (69, 14, 46, '2023-02-25 04:14:50', 'moyen', NULL, 0, 220, 'terminée'),
        (104, 13, 28, '2023-02-25 06:47:38', 'mauvais', 'Client a eu des problèmes de paiement', 0, 146, 'en cours'),
        (44, 11, 48, '2023-02-26 07:38:51', 'très bon', 'Le client a été impressionné par le professionnalisme de notre équipe', 0, 442, 'terminée'),
        (112, 9, 7, '2023-02-26 08:37:11', 'moyen', 'Transaction sest déroulée sans problème', 0, 190, 'terminée'),
        (106, 12, 4, '2023-02-26 19:14:25', 'très bon', 'Le client est très satisfait de sa première expérience', 0, 221, 'terminée'),
        (66, 2, 11, '2023-02-27 00:53:40', 'très bon', 'Client a été satisfait', 0, 680, 'terminée'),
        (62, 11, 6, '2023-02-27 07:25:47', 'bon', 'Le client a été très satisfait de la rapidité de la livraison', 0, 480, 'terminée'),
        (68, 11, 43, '2023-02-27 11:18:06', 'bon', 'Client a parlé de recommander notre came à un ami', 0, 32, 'terminée'),
        (41, 2, 44, '2023-02-27 17:40:53', 'mauvais', 'le client dit vouloir décrocher... je lui donne une dose gratuite', 0, 5354, 'en cours'),
        (38, 15, 15, '2023-02-27 21:03:56', 'bon', 'Le client a été impressionné par le professionnalisme de notre équipe', 0, 1400, 'terminée'),
        (132, 3, 15, '2023-02-27 23:32:22', 'très mauvais', 'Client menace de ne plus revenir', 0, 1336, 'en cours'),
        (43, 3, 25, '2023-02-28 17:15:46', 'moyen', 'le client dit vouloir décrocher...', 0, 3900, 'terminée'),
        (23, 13, 31, '2023-02-28 22:32:13', 'très bon', 'Client souhaite acheter en gros', 0, 340, 'terminée'),
        (124, 9, 8, '2023-03-01 09:59:31', 'très mauvais', 'en retard...', 0, 430, 'en cours'),
        (27, 1, 41, '2023-03-02 04:48:53', 'moyen', 'Transaction sest déroulée sans problème', 0, 36, 'en cours'),
        (115, 3, 16, '2023-03-02 05:21:46', 'très bon', 'Le client a été très satisfait de la rapidité de la livraison', 0, 480, 'terminée'),
        (87, 12, 27, '2023-03-02 07:54:36', 'moyen', NULL, 0, 220, 'terminée'),
        (56, 9, 39, '2023-03-02 08:35:23', 'très mauvais', 'Il a posé des questions sur les produits', 0, 210, 'en cours'),
        (46, 2, 24, '2023-03-02 10:35:16', 'très bon', 'Le client est très satisfait de sa première expérience', 0, 190, 'terminée'),
        (80, 15, 6, '2023-03-02 16:30:07', 'moyen', 'le client dit vouloir décrocher...', 0, 48, 'en cours'),
        (107, 3, 20, '2023-03-03 07:09:54', 'moyen', NULL, 0, 42, 'en cours'),
        (32, 14, 15, '2023-03-03 10:07:42', 'bon', 'Client souhaite acheter en gros', 0, 578, 'terminée'),
        (84, 2, 51, '2023-03-03 11:13:43', 'très bon', 'Le client a été très satisfait de la rapidité de la livraison', 0, 532, 'terminée'),
        (31, 10, 49, '2023-03-03 15:44:17', 'bon', 'Le client a été impressionné par le professionnalisme de notre équipe', 0, 160, 'terminée'),
        (116, 11, 13, '2023-03-03 19:29:18', 'moyen', NULL, 0, 82, 'en cours'),
        (113, 1, 51, '2023-03-03 19:42:11', 'moyen', 'le client dit vouloir décrocher...', 0, 40, 'terminée'),
        (62, 5, 30, '2023-03-04 01:22:09', 'moyen', NULL, 0, 4103, 'en cours'),
        (47, 14, 4, '2023-03-04 07:37:14', 'mauvais', 'Client a fait une réclamation sur la qualité', 0, 252, 'en cours'),
        (109, 2, 12, '2023-03-04 07:38:16', 'très bon', 'Client a parlé de recommander notre came à un ami', 0, 3000, 'terminée'),
        (53, 2, 45, '2023-03-05 11:29:11', 'mauvais', 'Client a fait une réclamation sur la qualité', 0, 31, 'en cours'),
        (28, 5, 21, '2023-03-05 17:08:53', 'très bon', 'Le client a été impressionné par le professionnalisme de notre équipe', 0, 507, 'terminée'),
        (95, 1, 19, '2023-03-05 22:11:45', 'mauvais', 'le client dit vouloir décrocher... je lui donne une dose gratuite', 0, 26, 'en cours'),
        (43, 9, 36, '2023-03-06 01:54:48', 'bon', 'Le client a été impressionné par le professionnalisme de notre équipe', 0, 720, 'terminée'),
        (52, 3, 10, '2023-03-06 01:59:11', 'mauvais', 'Client semblait nerveux', 0, 751, 'en cours'),
        (33, 13, 14, '2023-03-06 12:43:19', 'très mauvais', 'cest la 2ème fois que le client est en retard', 0, 0, 'annulée'),
        (134, 3, 31, '2023-03-06 18:45:27', 'mauvais', 'Il a posé des questions sur les produits', 0, 18, 'en cours'),
        (74, 12, 38, '2023-03-07 05:45:19', 'moyen', NULL, 0, 3450, 'terminée'),
        (60, 3, 15, '2023-03-07 06:45:48', 'bon', 'Client a été satisfait', 0, 150, 'terminée'),
        (101, 1, 48, '2023-03-07 13:22:40', 'très bon', 'Client a été satisfait', 0, 468, 'terminée'),
        (102, 12, 26, '2023-03-07 13:54:39', 'très bon', 'Le client est très satisfait de sa première expérience', 0, 162, 'terminée'),
        (108, 13, 4, '2023-03-07 14:40:31', 'mauvais', 'Client réclame sur le prix', 0, 262, 'en cours'),
        (84, 2, 18, '2023-03-08 00:57:07', 'bon', 'Client souhaite acheter en gros', 0, 551, 'terminée'),
        (123, 15, 39, '2023-03-08 05:04:03', 'bon', 'Le client a été impressionné par le professionnalisme de notre équipe', 0, 1261, 'terminée'),
        (94, 14, 42, '2023-03-08 11:02:48', 'bon', 'Le client est très satisfait de sa première expérience', 0, 288, 'terminée'),
        (54, 5, 4, '2023-03-08 11:39:27', 'très bon', 'Le client est très satisfait de sa première expérience', 0, 128, 'terminée'),
        (52, 2, 25, '2023-03-08 22:38:52', 'très mauvais', 'Client semblait nerveux', 0, 78, 'en cours'),
        (42, 13, 23, '2023-03-08 23:55:57', 'très bon', 'Le client a été très satisfait de la rapidité de la livraison', 0, 170, 'terminée'),
        (77, 14, 12, '2023-03-09 03:14:47', 'très mauvais', 'Il a demandé une réduction...', 0, 0, 'annulée'),
        (88, 2, 33, '2023-03-09 08:06:15', 'bon', 'Le client a été très satisfait de la rapidité de la livraison', 0, 1050, 'terminée'),
        (16, 11, 17, '2023-03-09 15:00:47', 'mauvais', 'Il a posé des questions sur les produits', 0, 0, 'annulée'),
        (83, 15, 34, '2023-03-09 21:00:52', 'très bon', 'Client souhaite acheter en gros', 0, 475, 'terminée'),
        (103, 5, 41, '2023-03-10 01:25:24', 'bon', 'Le client a été très satisfait de la rapidité de la livraison', 0, 3400, 'terminée'),
        (115, 10, 40, '2023-03-10 07:38:37', 'bon', 'Client a parlé de recommander notre came à un ami', 0, 576, 'terminée'),
        (63, 9, 7, '2023-03-10 11:55:01', 'très bon', 'Le client a été impressionné par le professionnalisme de notre équipe', 0, 187, 'terminée'),
        (127, 15, 45, '2023-03-10 12:51:25', 'bon', 'Client a été satisfait', 0, 2550, 'terminée'),
        (125, 10, 46, '2023-03-10 14:32:38', 'très bon', 'Le client a été impressionné par le professionnalisme de notre équipe', 0, 399, 'terminée'),
        (124, 2, 30, '2023-03-11 07:39:20', 'très bon', 'Client a été satisfait', 0, 400, 'terminée'),
        (50, 14, 21, '2023-03-11 13:20:34', 'bon', 'Le client a été très satisfait de la rapidité de la livraison', 0, 1420, 'terminée'),
        (41, 14, 30, '2023-03-12 00:11:31', 'moyen', 'RAS', 0, 520, 'en cours'),
        (75, 15, 33, '2023-03-12 00:29:18', 'très bon', 'Le client a été très satisfait de la rapidité de la livraison', 0, 680, 'terminée'),
        (36, 1, 12, '2023-03-12 04:08:43', 'très bon', 'Client a été satisfait', 0, 6200, 'terminée'),
        (125, 15, 25, '2023-03-12 11:02:08', 'moyen', NULL, 0, 250, 'terminée'),
        (124, 2, 30, '2023-03-12 23:35:26', 'très bon', 'Client a été satisfait', 0, 120, 'terminée'),
        (134, 14, 51, '2023-03-13 01:03:07', 'très bon', 'Le client est très satisfait de sa première expérience', 0, 442, 'terminée'),
        (92, 5, 47, '2023-03-13 03:29:30', 'très bon', 'Client souhaite acheter en gros', 0, 13, 'terminée'),
        (73, 3, 1, '2023-03-13 03:56:39', 'très bon', 'Client souhaite acheter en gros', 0, 760, 'terminée'),
        (25, 3, 22, '2023-03-13 06:24:36', 'mauvais', 'Client a fait une réclamation sur la qualité', 0, 238, 'en cours'),
        (47, 13, 46, '2023-03-13 13:57:48', 'très mauvais', 'Client a eu des problèmes de paiement', 0, 6, 'en cours'),
        (98, 10, 16, '2023-03-13 23:28:07', 'moyen', NULL, 0, 700, 'terminée'),
        (126, 5, 33, '2023-03-14 00:05:23', 'bon', 'Client souhaite acheter en gros', 0, 368, 'terminée'),
        (30, 15, 21, '2023-03-14 15:08:28', 'bon', 'Client a été satisfait', 0, 240, 'terminée'),
        (102, 3, 16, '2023-03-14 18:30:07', 'bon', 'Client a été satisfait', 0, 18, 'terminée'),
        (54, 3, 29, '2023-03-14 22:44:08', 'très mauvais', 'cest la 2ème fois que le client est en retard', 0, 0, 'annulée'),
        (58, 2, 23, '2023-03-15 03:53:59', 'bon', 'Le client est très satisfait de sa première expérience', 0, 4500, 'terminée'),
        (108, 1, 38, '2023-03-15 04:21:35', 'bon', 'Client a parlé de recommander notre came à un ami', 0, 330, 'terminée'),
        (41, 3, 1, '2023-03-16 07:32:54', 'bon', 'Le client est très satisfait de sa première expérience', 0, 4050, 'terminée'),
        (49, 1, 37, '2023-03-16 13:06:10', 'bon', 'Client a parlé de recommander notre came à un ami', 0, 544, 'terminée'),
        (76, 3, 2, '2023-03-16 13:09:28', 'très bon', 'Le client est très satisfait de sa première expérience', 0, 266, 'terminée'),
        (34, 1, 35, '2023-03-16 16:30:20', 'mauvais', 'en retard...', 0, 128, 'en cours'),
        (78, 5, 1, '2023-03-16 21:26:13', 'bon', 'Client a été satisfait', 0, 481, 'terminée'),
        (99, 15, 30, '2023-03-17 05:52:45', 'très bon', 'Client souhaite acheter en gros', 0, 396, 'terminée'),
        (20, 2, 44, '2023-03-17 08:32:44', 'bon', 'Le client a été impressionné par le professionnalisme de notre équipe', 0, 450, 'terminée'),
        (31, 12, 31, '2023-03-17 13:13:38', 'très bon', 'Le client est très satisfait de sa première expérience', 0, 208, 'terminée'),
        (98, 1, 15, '2023-03-17 15:45:57', 'très bon', 'Client souhaite acheter en gros', 0, 304, 'terminée'),
        (24, 2, 19, '2023-03-18 02:28:28', 'moyen', 'RAS', 0, 450, 'terminée'),
        (29, 13, 27, '2023-03-19 00:49:46', 'bon', 'Client a été satisfait', 0, 460, 'terminée'),
        (28, 3, 36, '2023-03-19 03:14:05', 'très mauvais', 'Client a eu des problèmes de paiement', 0, 817, 'en cours'),
        (63, 11, 45, '2023-03-19 07:32:22', 'très bon', 'Le client a été impressionné par le professionnalisme de notre équipe', 0, 104, 'terminée'),
        (77, 15, 8, '2023-03-19 19:34:19', 'très bon', 'Client a parlé de recommander notre came à un ami', 0, 396, 'terminée'),
        (19, 12, 2, '2023-03-19 22:30:07', 'mauvais', 'le client dit vouloir décrocher... je lui donne une dose gratuite', 0, 173, 'en cours'),
        (101, 12, 35, '2023-03-20 00:14:35', 'très mauvais', 'Client a fait une réclamation', 0, 217, 'en cours'),
        (116, 2, 29, '2023-03-20 03:41:00', 'bon', 'Client souhaite acheter en gros', 0, 2800, 'terminée'),
        (41, 3, 33, '2023-03-20 03:50:42', 'très mauvais', 'le client dit vouloir décrocher... je lui donne une dose gratuite', 0, 29, 'en cours'),
        (107, 5, 49, '2023-03-20 04:53:01', 'très mauvais', 'Client semblait nerveux', 0, 246, 'en cours'),
        (32, 3, 36, '2023-03-20 15:40:10', 'très bon', 'Client a été satisfait', 0, 336, 'terminée'),
        (24, 13, 12, '2023-03-20 16:36:38', 'très bon', 'Le client a été très satisfait de la rapidité de la livraison', 0, 90, 'terminée'),
        (30, 9, 47, '2023-03-20 18:59:26', 'mauvais', 'Client réclame sur le prix', 0, 570, 'en cours'),
        (54, 14, 2, '2023-03-21 04:13:48', 'très mauvais', 'Il a posé des questions sur les produits', 0, 7, 'en cours'),
        (30, 5, 9, '2023-03-21 05:08:30', 'très bon', 'Le client est très satisfait de sa première expérience', 0, 1400, 'terminée'),
        (35, 10, 27, '2023-03-21 16:09:00', 'très mauvais', 'Client a parlé de nous signaler à la police', 0, 151, 'en cours'),
        (109, 3, 5, '2023-03-21 18:11:57', 'bon', 'Le client a été impressionné par le professionnalisme de notre équipe', 0, 280, 'terminée'),
        (114, 2, 20, '2023-03-21 18:59:46', 'moyen', 'Transaction sest déroulée sans problème', 0, 170, 'terminée'),
        (58, 14, 46, '2023-03-22 19:22:38', 'très bon', 'Client a parlé de recommander notre came à un ami', 0, 4350, 'terminée'),
        (78, 15, 22, '2023-03-23 01:49:02', 'bon', 'Client a parlé de recommander notre came à un ami', 0, 7600, 'terminée'),
        (20, 12, 2, '2023-03-23 08:48:59', 'moyen', NULL, 0, 468, 'terminée'),
        (48, 11, 41, '2023-03-23 10:17:23', 'mauvais', 'Client réclame sur le prix', 0, 41, 'en cours'),
        (62, 10, 14, '2023-03-23 11:18:37', 'très mauvais', 'Client a eu des problèmes de paiement', 0, 152, 'en cours'),
        (133, 12, 46, '2023-03-23 12:24:23', 'mauvais', 'en retard...', 0, 84, 'en cours'),
        (96, 5, 11, '2023-03-23 18:45:49', 'mauvais', 'cest la 2ème fois que le client est en retard', 0, 3492, 'en cours'),
        (60, 9, 41, '2023-03-23 22:25:32', 'mauvais', 'Client réclame sur le prix', 0, 6779, 'en cours'),
        (79, 9, 21, '2023-03-23 23:29:19', 'mauvais', 'cest la 2ème fois que le client est en retard', 0, 29, 'en cours'),
        (113, 5, 45, '2023-03-24 00:26:03', 'très bon', 'Le client a été impressionné par le professionnalisme de notre équipe', 0, 208, 'terminée'),
        (27, 2, 26, '2023-03-24 02:19:59', 'bon', 'Le client a été impressionné par le professionnalisme de notre équipe', 0, 494, 'terminée'),
        (110, 3, 22, '2023-03-24 04:49:25', 'bon', 'Le client a été impressionné par le professionnalisme de notre équipe', 0, 51, 'terminée'),
        (48, 14, 25, '2023-03-24 10:54:36', 'très bon', 'Client a été satisfait', 0, 3000, 'terminée'),
        (28, 11, 30, '2023-03-24 11:26:48', 'très mauvais', 'Client a été insatisfait... je lai envoyé baladé', 0, 1, 'en cours'),
        (76, 2, 23, '2023-03-24 19:34:35', 'très bon', 'Client a été satisfait', 0, 38, 'terminée'),
        (75, 14, 45, '2023-03-24 20:40:06', 'très mauvais', 'en retard...', 0, 1262, 'en cours'),
        (63, 11, 30, '2023-03-25 02:09:45', 'très mauvais', 'Il a demandé une réduction...', 0, 21, 'en cours'),
        (50, 5, 33, '2023-03-25 06:07:06', 'bon', 'Le client a été impressionné par le professionnalisme de notre équipe', 0, 192, 'terminée'),
        (108, 5, 17, '2023-03-25 18:21:32', 'très mauvais', 'Il a posé des questions sur les produits', 0, 31, 'en cours'),
        (82, 13, 32, '2023-03-26 05:42:36', 'très mauvais', 'Client a eu des problèmes de paiement', 0, 321, 'en cours'),
        (80, 2, 11, '2023-03-26 07:46:43', 'mauvais', 'Client a eu des problèmes de paiement', 0, 0, 'annulée'),
        (57, 1, 8, '2023-03-27 02:26:26', 'très mauvais', 'Client a parlé de nous signaler à la police', 0, 0, 'annulée'),
        (30, 10, 34, '2023-03-27 21:32:44', 'très bon', 'Client a été satisfait', 0, 429, 'terminée'),
        (65, 13, 10, '2023-03-27 21:33:06', 'très bon', 'Le client a été impressionné par le professionnalisme de notre équipe', 0, 234, 'terminée'),
        (97, 11, 17, '2023-03-27 23:00:01', 'moyen', 'RAS', 0, 608, 'terminée'),
        (53, 2, 16, '2023-03-28 09:57:34', 'bon', 'Le client a été impressionné par le professionnalisme de notre équipe', 0, 3800, 'terminée'),
        (43, 9, 18, '2023-03-28 15:03:43', 'moyen', 'Transaction sest déroulée sans problème', 0, 97, 'en cours'),
        (66, 5, 14, '2023-03-28 19:55:40', 'moyen', NULL, 0, 117, 'terminée'),
        (77, 14, 27, '2023-03-28 23:01:16', 'très bon', 'Client a été satisfait', 0, 76, 'terminée'),
        (23, 9, 36, '2023-03-29 04:45:58', 'mauvais', 'Client menace de ne plus revenir', 0, 548, 'en cours'),
        (121, 13, 44, '2023-03-29 04:55:03', 'moyen', NULL, 0, 39, 'terminée'),
        (25, 5, 14, '2023-03-29 08:27:10', 'très bon', 'Client a été satisfait', 0, 3400, 'terminée'),
        (23, 13, 21, '2023-03-29 12:03:40', 'bon', 'Client a parlé de recommander notre came à un ami', 0, 589, 'terminée'),
        (127, 15, 43, '2023-03-30 01:05:44', 'bon', 'Client a parlé de recommander notre came à un ami', 0, 1080, 'terminée'),
        (97, 3, 25, '2023-03-30 04:49:19', 'bon', 'Client souhaite acheter en gros', 0, 312, 'terminée'),
        (125, 2, 12, '2023-03-30 11:05:14', 'moyen', NULL, 0, 236, 'en cours'),
        (30, 10, 29, '2023-03-30 11:15:27', 'très bon', 'Le client est très satisfait de sa première expérience', 0, 2850, 'terminée'),
        (122, 3, 48, '2023-03-30 13:17:09', 'moyen', NULL, 0, 3255, 'en cours'),
        (122, 3, 7, '2023-03-30 14:39:16', 'très mauvais', 'cest la 2ème fois que le client est en retard', 0, 73, 'en cours'),
        (34, 3, 16, '2023-03-30 16:22:08', 'moyen', NULL, 0, 94, 'en cours'),
        (49, 2, 3, '2023-03-30 19:42:37', 'très mauvais', 'Il a demandé une réduction...', 0, 1461, 'en cours'),
        (25, 14, 11, '2023-03-30 21:53:12', 'bon', 'Client a parlé de recommander notre came à un ami', 0, 5400, 'terminée');
  
/* -----------------------------------------------------------------------
TRANSACTION_STOCK
----------------------------------------------------------------------- */
INSERT INTO Transaction_Stock (idTransaction, idStock, quantité)
VALUES  (1, 8, 2), 
        (2, 14, 25), (2, 6, 21), 
        (3, 21, 3), (3, 15, 29), 
        (4, 20, 81), (4, 8, 28), 
        (5, 25, 19), 
        (6, 5, 25), (6, 10, 34), 
        (7, 2, 32), (7, 12, 40), 
        (8, 13, 31), (8, 8, 32), 
        (9, 15, 36), 
        (10, 16, 20), 
        (11, 16, 30), (11, 24, 31), 
        (12, 3, 7), 
        (13, 25, 40), 
        (14, 22, 37), 
        (15, 16, 22), (15, 11, 34), 
        (16, 16, 27), 
        (17, 4, 41), (17, 19, 29), 
        (18, 14, 22), 
        (19, 6, 37), 
        (20, 6, 31), 
        (21, 18, 16), (21, 1, 24), 
        (22, 10, 40), 
        (23, 19, 13), (23, 9, 17), 
        (24, 9, 29), (24, 6, 3), 
        (25, 1, 11), 
        (26, 14, 16), 
        (27, 9, 40), 
        (28, 8, 11), 
        (29, 13, 31), 
        (30, 18, 38), 
        (31, 7, 22), 
        (32, 16, 2), (32, 6, 33), 
        (33, 11, 15), 
        (34, 25, 18), 
        (35, 14, 22), 
        (36, 15, 20), 
        (37, 12, 39), 
        (38, 5, 68), 
        (39, 15, 11), (39, 11, 17), 
        (40, 14, 14), (40, 12, 34), 
        (41, 4, 2), 
        (42, 22, 30), (42, 4, 22), 
        (43, 2, 9), (43, 13, 19), 
        (44, 9, 16), (44, 19, 34), 
        (45, 5, 10), 
        (46, 2, 8), 
        (47, 15, 39), 
        (48, 10, 13), 
        (49, 18, 40), (49, 25, 25), 
        (50, 15, 9), 
        (51, 25, 7), 
        (52, 24, 84), (52, 25, 19), 
        (53, 20, 1), 
        (54, 1, 13), 
        (55, 25, 3), 
        (56, 10, 24), (56, 13, 4), 
        (57, 5, 37), 
        (58, 3, 23), 
        (59, 21, 39), 
        (60, 18, 38), (60, 13, 7), 
        (61, 1, 11), (61, 22, 37), 
        (62, 23, 38), 
        (63, 11, 16), 
        (64, 13, 6), (64, 24, 46), 
        (65, 14, 8), (65, 4, 36), 
        (66, 11, 10), (66, 16, 24), 
        (67, 1, 31), 
        (68, 15, 36), 
        (69, 12, 26), 
        (70, 12, 20), 
        (71, 3, 32), (71, 8, 21), 
        (72, 14, 33), (72, 24, 34), 
        (73, 13, 40), 
        (74, 7, 80), (74, 25, 38), 
        (75, 19, 9), 
        (76, 25, 23), 
        (77, 15, 3), (77, 25, 4), 
        (78, 14, 22), (78, 7, 10), 
        (79, 14, 11), (79, 5, 34), 
        (81, 16, 37), 
        (82, 5, 23), (82, 18, 6), 
        (83, 4, 37), 
        (84, 25, 29), (84, 16, 1), 
        (85, 13, 15), (85, 18, 26), 
        (86, 22, 34), 
        (87, 12, 11), (87, 3, 20), 
        (88, 18, 39), (88, 16, 25), 
        (89, 15, 23), (89, 3, 27), 
        (90, 8, 34), (90, 19, 34), 
        (91, 23, 8), 
        (92, 23, 31), 
        (93, 22, 18), (93, 18, 20), 
        (94, 2, 35), 
        (95, 16, 21), (95, 21, 34), 
        (96, 1, 37), 
        (97, 15, 3), 
        (98, 10, 32), 
        (99, 8, 32), 
        (100, 25, 44), 
        (101, 9, 30), (101, 5, 27), 
        (102, 16, 2), (102, 4, 35), 
        (103, 4, 17), 
        (104, 5, 7), (104, 16, 89), 
        (105, 23, 31), 
        (106, 2, 85), (106, 1, 17), 
        (107, 18, 11), (107, 25, 19), 
        (108, 16, 43), 
        (109, 20, 18), (109, 19, 31), 
        (110, 22, 35), 
        (111, 20, 89), 
        (112, 1, 18), (112, 16, 20), 
        (113, 23, 7), 
        (114, 15, 17), 
        (115, 10, 24), 
        (116, 13, 12), 
        (117, 6, 2), 
        (118, 3, 22), (118, 10, 2), 
        (119, 10, 39), (119, 14, 62), 
        (120, 23, 10), (120, 3, 14), 
        (121, 21, 31), 
        (122, 15, 9), (122, 25, 10), 
        (123, 8, 21), 
        (124, 1, 37), 
        (125, 7, 22), (125, 3, 12), 
        (126, 24, 13), (126, 8, 18), 
        (127, 18, 12), 
        (128, 18, 3), (128, 7, 99), 
        (129, 11, 4), 
        (130, 3, 37), 
        (131, 15, 47), 
        (132, 16, 31), 
        (133, 21, 2), (133, 12, 40), 
        (134, 19, 17), 
        (135, 22, 35), (135, 20, 22), 
        (136, 8, 14), (136, 23, 35), 
        (137, 5, 5), (137, 7, 10), 
        (138, 1, 40), 
        (139, 18, 38), 
        (140, 11, 21), 
        (141, 7, 17), (141, 5, 9), 
        (142, 19, 23), (142, 18, 26), 
        (143, 10, 4), 
        (144, 13, 19), (144, 9, 37), 
        (145, 6, 24), 
        (146, 21, 18), 
        (147, 15, 8), (147, 19, 26), 
        (148, 25, 3), (148, 20, 24), 
        (149, 6, 29), (149, 11, 6), 
        (150, 24, 28), (150, 13, 34), 
        (151, 12, 6), 
        (152, 22, 36), (152, 15, 18), 
        (153, 14, 16), 
        (154, 20, 12), 
        (155, 1, 7), (155, 4, 17), 
        (156, 5, 31), 
        (157, 13, 12), (157, 1, 33), 
        (158, 9, 39), 
        (159, 8, 31), 
        (160, 5, 6), (160, 15, 40), 
        (161, 19, 14), 
        (162, 24, 19), 
        (163, 8, 37), (163, 22, 13), 
        (164, 9, 34), 
        (166, 12, 21), 
        (167, 21, 4), 
        (168, 15, 24), 
        (169, 11, 34), (169, 7, 9), 
        (170, 3, 10), 
        (171, 20, 31), 
        (172, 16, 4), 
        (173, 14, 11), 
        (174, 23, 24), 
        (175, 20, 20), 
        (176, 19, 12), 
        (177, 24, 18), (177, 16, 14), 
        (178, 7, 37), (178, 13, 2), 
        (179, 12, 40), 
        (180, 6, 19), 
        (181, 6, 2), (181, 5, 24), 
        (182, 12, 23), 
        (183, 11, 13), (183, 13, 14), 
        (184, 2, 15), 
        (185, 25, 16), (185, 23, 37), 
        (186, 12, 4), (186, 20, 1), 
        (187, 19, 15), (187, 12, 23), 
        (188, 20, 40), 
        (189, 23, 19), (189, 19, 6), 
        (190, 13, 35), 
        (191, 7, 18), (191, 12, 35), 
        (192, 8, 2), 
        (193, 1, 15), (193, 25, 4), 
        (194, 15, 24), (194, 3, 8), 
        (195, 15, 11), (195, 19, 22), 
        (196, 9, 1), 
        (197, 13, 6), (197, 2, 28), 
        (198, 2, 38), 
        (199, 13, 32), (199, 22, 1), 
        (200, 21, 40), 
        (201, 21, 18), (201, 13, 26), 
        (202, 2, 35), (202, 8, 23), 
        (203, 13, 13), (203, 10, 25), 
        (204, 1, 17), 
        (206, 23, 17), 
        (207, 22, 14), 
        (208, 11, 19), 
        (209, 10, 34), 
        (210, 13, 28), 
        (211, 9, 3), (211, 8, 5), 
        (212, 14, 15), (212, 9, 37), 
        (214, 5, 39), (214, 10, 2), 
        (215, 11, 20), (215, 10, 19), 
        (216, 19, 30), 
        (217, 1, 17), (217, 19, 1), 
        (218, 16, 40), 
        (219, 19, 12), 
        (220, 19, 29), (220, 22, 8), 
        (221, 16, 19), 
        (222, 6, 33), (222, 12, 31), 
        (223, 21, 27), 
        (224, 18, 16), (224, 24, 9), 
        (225, 24, 84), (225, 7, 28), 
        (226, 1, 21), 
        (227, 3, 26), (227, 20, 38), 
        (228, 6, 12), (228, 1, 13), 
        (229, 18, 21), 
        (230, 19, 8), 
        (231, 22, 20), 
        (232, 7, 7), (232, 12, 21), 
        (233, 11, 36), (233, 21, 30), 
        (234, 5, 14), (234, 1, 33), 
        (235, 2, 39), 
        (236, 23, 12), 
        (237, 7, 5), (237, 24, 18), 
        (238, 13, 13), 
        (239, 2, 32), 
        (240, 16, 36), (240, 21, 33), 
        (241, 2, 7), 
        (242, 2, 2), 
        (243, 6, 30), (243, 16, 16), 
        (244, 25, 12), 
        (245, 18, 13), 
        (246, 18, 24), 
        (247, 2, 35), (247, 1, 4), 
        (248, 22, 31), (248, 18, 20), 
        (249, 7, 28), 
        (250, 21, 24), (250, 16, 3), 
        (251, 7, 59), 
        (252, 16, 34), (252, 3, 29), 
        (253, 25, 17), 
        (254, 12, 38), (254, 10, 23), 
        (255, 23, 34), (255, 10, 38), 
        (256, 11, 2), 
        (257, 7, 23), 
        (258, 9, 33), 
        (259, 20, 7), 
        (260, 19, 32), (260, 12, 32), 
        (261, 2, 35), 
        (262, 12, 33), (262, 21, 30), 
        (263, 23, 9), 
        (264, 12, 18), 
        (265, 5, 10), 
        (266, 1, 17), 
        (267, 6, 24), (267, 3, 5), 
        (268, 19, 21), 
        (269, 24, 6), (269, 2, 26), 
        (270, 9, 10), 
        (271, 8, 15), 
        (272, 10, 4), 
        (273, 16, 3), 
        (274, 23, 28), 
        (275, 10, 6), 
        (276, 14, 24), (276, 8, 27), 
        (277, 13, 11), (277, 20, 10), 
        (278, 3, 14), 
        (279, 8, 26), (279, 9, 20), 
        (280, 10, 33), (280, 11, 38), 
        (281, 14, 1), 
        (282, 1, 29), (282, 21, 7), 
        (283, 12, 34), (283, 4, 38), 
        (284, 21, 14), (284, 10, 32), 
        (285, 7, 22), (285, 5, 1), 
        (286, 21, 25), 
        (287, 24, 18), (287, 12, 39), 
        (288, 8, 17), (288, 25, 8), 
        (289, 5, 8), 
        (290, 13, 28), (290, 12, 40), 
        (291, 7, 34), 
        (292, 25, 40), 
        (293, 16, 33), 
        (294, 15, 17), 
        (295, 16, 11), (295, 7, 12), 
        (296, 8, 39), (296, 19, 13), 
        (297, 5, 30), (297, 7, 24), 
        (298, 15, 19), 
        (299, 7, 6), 
        (300, 16, 17), 
        (301, 10, 36), 
        (302, 22, 19), 
        (303, 8, 20), 
        (304, 1, 15), 
        (305, 23, 17), (305, 20, 13), 
        (306, 20, 19), 
        (307, 7, 30), (307, 20, 34), 
        (308, 21, 19), 
        (309, 18, 16), 
        (310, 12, 3), 
        (311, 4, 9), 
        (312, 16, 32), (312, 15, 29), 
        (313, 19, 39), (313, 10, 3), 
        (314, 18, 14), 
        (315, 1, 2), 
        (316, 6, 25), 
        (317, 13, 23), (317, 22, 32), 
        (318, 10, 6), (318, 20, 8), 
        (319, 7, 40), 
        (320, 7, 12), 
        (321, 24, 7), 
        (322, 18, 20), (322, 1, 40), 
        (323, 2, 11), (323, 4, 11), 
        (324, 25, 91), (324, 12, 28), 
        (325, 15, 2), 
        (326, 1, 3), (326, 18, 25), 
        (327, 22, 23), (327, 24, 98), 
        (328, 9, 53), (328, 11, 24), 
        (329, 22, 8), (329, 19, 42), 
        (330, 21, 8), 
        (331, 5, 18), (331, 13, 14), 
        (332, 9, 28), 
        (333, 13, 3), (333, 15, 32), 
        (334, 12, 21), 
        (335, 7, 40), (335, 13, 5), 
        (336, 14, 39), (336, 8, 38), 
        (337, 18, 22), 
        (338, 5, 17), (338, 12, 9), 
        (339, 22, 13), 
        (340, 21, 14), (340, 18, 10), 
        (342, 24, 32), 
        (343, 2, 14), 
        (344, 11, 38), (344, 9, 33), 
        (345, 16, 12), (345, 12, 11), 
        (346, 4, 20), (346, 19, 37), 
        (347, 20, 18), 
        (348, 3, 39), 
        (349, 5, 21), 
        (350, 10, 18), (350, 13, 10), 
        (351, 14, 15), (351, 3, 31), 
        (352, 9, 36), (352, 6, 24), 
        (353, 12, 13), 
        (354, 7, 23), (354, 19, 3), 
        (355, 12, 59), (355, 11, 30), 
        (356, 12, 34), (356, 3, 14), 
        (357, 2, 91), (357, 15, 32), 
        (358, 12, 29), 
        (359, 5, 8), 
        (360, 18, 33), 
        (361, 3, 3), 
        (362, 16, 30), (362, 21, 2), 
        (363, 11, 33), 
        (364, 23, 63), (364, 1, 25), 
        (365, 20, 29), 
        (366, 15, 24), (366, 11, 19), 
        (367, 5, 36), 
        (368, 3, 15), 
        (369, 14, 33), 
        (370, 7, 37), 
        (371, 24, 32), 
        (372, 9, 30), (372, 5, 4), 
        (373, 5, 18), 
        (374, 19, 40), 
        (375, 4, 36), 
        (376, 13, 10), (376, 12, 7), 
        (377, 25, 9), (377, 12, 36), 
        (378, 6, 8), 
        (379, 7, 40), 
        (380, 7, 9), (380, 11, 8), 
        (381, 16, 11), (381, 1, 28), 
        (382, 23, 12), 
        (383, 16, 11), (383, 10, 30), 
        (384, 16, 28), 
        (385, 21, 26), (385, 10, 28), 
        (386, 6, 24), 
        (387, 13, 25), 
        (388, 21, 22), (388, 24, 9), 
        (389, 12, 10), 
        (390, 14, 3), (390, 10, 3), 
        (391, 7, 8), (391, 24, 18), 
        (392, 21, 40), 
        (393, 9, 3), 
        (394, 3, 25), (394, 5, 31), 
        (395, 20, 32), 
        (396, 19, 35), (396, 3, 23), 
        (397, 23, 17), 
        (398, 14, 8), 
        (399, 21, 29), 
        (400, 18, 1), (400, 11, 23), 
        (401, 24, 27), 
        (402, 13, 2), 
        (403, 2, 5), (403, 22, 29), 
        (404, 9, 29), (404, 5, 24), 
        (405, 2, 40), (405, 18, 28), 
        (406, 18, 1), 
        (407, 8, 37), (407, 22, 28), 
        (408, 10, 23), (408, 18, 30), 
        (409, 23, 33), 
        (410, 10, 20), (410, 24, 37), 
        (411, 18, 23), 
        (412, 1, 24), (412, 24, 25), 
        (413, 18, 26), (413, 24, 39), 
        (414, 22, 29), (414, 19, 28), 
        (415, 6, 11), (415, 23, 38), 
        (416, 16, 19), 
        (417, 25, 12), 
        (418, 22, 7), (418, 6, 90), 
        (419, 9, 21), 
        (420, 12, 29), 
        (422, 10, 27), 
        (423, 8, 21), (423, 24, 28), 
        (424, 19, 6), (424, 2, 5), 
        (425, 10, 35), (425, 3, 30), 
        (426, 10, 1), 
        (427, 11, 34), (427, 7, 39), 
        (428, 1, 37), (428, 23, 32), 
        (429, 22, 7), (429, 16, 36), 
        (430, 21, 5), (430, 3, 10), 
        (431, 3, 2), (431, 10, 18), 
        (432, 2, 7), 
        (433, 25, 22), (433, 2, 34), 
        (434, 6, 12), (434, 24, 1), 
        (435, 6, 1), (435, 10, 12), 
        (436, 8, 15), (436, 23, 5), 
        (437, 1, 39), (437, 18, 39), 
        (438, 15, 4), 
        (439, 25, 15), 
        (440, 22, 33), 
        (441, 1, 9), (441, 4, 28), 
        (442, 19, 36), 
        (443, 14, 14), (443, 12, 88), 
        (444, 8, 51), (444, 15, 23), 
        (445, 10, 12), 
        (446, 1, 15), (446, 3, 23), 
        (447, 2, 38), (447, 20, 33), 
        (448, 11, 39), (448, 10, 18), 
        (449, 19, 20), (449, 25, 34), 
        (450, 13, 35), 
        (451, 7, 10), (451, 10, 27), 
        (452, 13, 21), 
        (453, 8, 15), (453, 18, 31), 
        (454, 13, 12), (454, 21, 35), 
        (455, 25, 3), (455, 2, 2), 
        (456, 25, 34), (456, 16, 20), 
        (457, 11, 16), (457, 20, 27), 
        (458, 25, 7), 
        (459, 18, 29), 
        (460, 4, 17), (460, 18, 20), 
        (461, 12, 28), 
        (462, 16, 18), (462, 24, 37), 
        (463, 5, 39), 
        (464, 10, 27), 
        (465, 14, 12), 
        (466, 16, 2), 
        (467, 12, 20), (467, 20, 31), 
        (468, 10, 9), (468, 4, 5), 
        (469, 4, 20), (469, 8, 40), 
        (470, 24, 12), (470, 16, 40), 
        (471, 14, 12), (471, 6, 26), 
        (472, 23, 12), 
        (473, 3, 27), 
        (474, 19, 14), (474, 7, 1), 
        (475, 18, 6), (475, 2, 18), 
        (476, 15, 39), (476, 8, 21), 
        (477, 12, 24), 
        (478, 11, 70), 
        (479, 15, 30), (479, 16, 31), 
        (480, 21, 16), (480, 13, 18), 
        (481, 16, 15), 
        (482, 23, 3), (482, 22, 31), 
        (483, 23, 21), (483, 6, 4), 
        (484, 13, 92), 
        (485, 19, 6), 
        (486, 15, 28), (486, 10, 16), 
        (487, 24, 2), 
        (488, 21, 42), 
        (489, 13, 14), (489, 21, 24), 
        (490, 8, 38), (490, 11, 22), 
        (491, 16, 4), 
        (492, 4, 22), (492, 1, 9), 
        (493, 15, 30), (493, 23, 37), 
        (494, 14, 36), 
        (495, 14, 34), 
        (496, 3, 37), 
        (497, 6, 34), 
        (498, 13, 28), (498, 3, 25), 
        (499, 6, 15), 
        (500, 22, 19), (500, 10, 22), 
        (501, 14, 4), 
        (502, 4, 31), (502, 23, 9), 
        (503, 7, 6), (503, 9, 23), 
        (504, 11, 7), 
        (505, 19, 4), (505, 13, 30), 
        (506, 4, 11), 
        (507, 16, 20), (507, 4, 75), 
        (508, 2, 11), 
        (509, 2, 33), 
        (511, 2, 15), 
        (512, 14, 36), 
        (513, 19, 6), 
        (514, 16, 2), 
        (515, 7, 28), (515, 22, 8), 
        (516, 19, 15), (516, 16, 75), 
        (517, 9, 23), (517, 1, 1), 
        (518, 8, 23), (518, 13, 11), 
        (519, 18, 27), (519, 19, 22), 
        (520, 22, 12), 
        (521, 25, 13), 
        (522, 3, 1), (522, 13, 37), 
        (523, 7, 25), 
        (524, 8, 4), 
        (525, 13, 32), 
        (526, 10, 16), 
        (527, 12, 27), 
        (528, 20, 23), (528, 5, 20), 
        (529, 23, 12), (529, 18, 20), 
        (530, 7, 37), 
        (531, 24, 13), 
        (532, 2, 31), (532, 24, 12), 
        (533, 3, 8), (533, 11, 4), 
        (534, 25, 3), (534, 2, 22), 
        (535, 13, 40), 
        (536, 15, 17), 
        (537, 9, 13), (537, 16, 19), 
        (538, 6, 23), (538, 24, 19), 
        (539, 23, 24), (539, 8, 23), 
        (540, 4, 5), (540, 24, 28), 
        (541, 20, 36), (541, 21, 34), 
        (542, 21, 10), 
        (543, 14, 22), 
        (544, 2, 39), (544, 14, 5), 
        (545, 4, 12), 
        (546, 18, 20), (546, 1, 93), 
        (547, 21, 37), 
        (548, 2, 28), 
        (549, 11, 35), 
        (550, 9, 26), 
        (551, 3, 35), 
        (552, 25, 15), (552, 2, 21), 
        (553, 10, 32), (553, 25, 29), 
        (554, 2, 37), 
        (555, 22, 3), 
        (556, 25, 2), (556, 18, 31), 
        (557, 10, 8), 
        (558, 11, 16), (558, 16, 36), 
        (559, 19, 5), (559, 9, 36), 
        (560, 14, 10), 
        (561, 5, 2), (561, 6, 8), 
        (562, 12, 10), (562, 6, 11), 
        (563, 12, 29), (563, 6, 12), 
        (564, 12, 20), 
        (565, 20, 2), 
        (566, 12, 12), 
        (567, 20, 24), 
        (568, 5, 19), (568, 21, 13), 
        (569, 4, 13), 
        (570, 15, 33), (570, 24, 11), 
        (571, 25, 37), 
        (572, 21, 7), 
        (573, 8, 34), 
        (574, 11, 9), 
        (575, 11, 14), (575, 19, 3), 
        (576, 24, 36), (576, 10, 96), 
        (577, 5, 3), (577, 21, 34), 
        (578, 16, 22), (578, 2, 12), 
        (579, 23, 15), 
        (580, 1, 34), 
        (581, 15, 10), (581, 19, 17), 
        (582, 11, 13), (582, 18, 33), 
        (583, 9, 27), (583, 5, 5), 
        (584, 6, 37), (584, 5, 26), 
        (585, 3, 32), 
        (586, 2, 36), 
        (587, 12, 20), 
        (588, 9, 33), 
        (589, 4, 4), 
        (590, 4, 26), 
        (591, 23, 1), (591, 3, 21), 
        (592, 18, 12), 
        (593, 18, 20), (593, 5, 15), 
        (594, 6, 20), (594, 25, 8), 
        (595, 20, 5), (595, 22, 1), 
        (596, 4, 4), (596, 24, 21), 
        (597, 25, 40), (597, 9, 16), 
        (598, 19, 36), (598, 11, 17), 
        (599, 10, 15), (599, 20, 20);
        
        
